,ano,nome_regiao,nome_uf,label_cor,label_sexo,ivs,idhm,prosp_soc,t_m10a17_filho,t_p15a24_nada,t_desocup18m,espvida,t_pop18a20_medioc,renda_per_capita,populacao,mchefe_fmenor,pea10a14,pea15a17,pea18m,t_scarteira_18m,t_setorpublico_18m,t_contapropria_18m,t_empregador_18m,t_formal_18m,t_fundc_ocup18m,t_medioc_ocup18m,t_supec_ocup18m,t_renda_todos_trabalhos,t_nremunerado_18m
0,2018,CENTRO-OESTE,Distrito Federal,Brancas,Mulher,0.234,0.884,Muito Alto,0.0,4.03,9.91,79.92,80.9,1942.46,594489.0,47806.0,0.0,4402.0,278737.0,18.61,32.31,13.57,3.52,73.59,88.55,76.63,49.06,2586.21,0.71
1,2019,CENTRO-OESTE,Distrito Federal,Brancas,Mulher,0.233,0.906,Muito Alto,0.0,2.11,11.36,81.55,80.65,2159.85,645002.0,50999.0,0.0,7412.0,315053.0,16.58,26.47,16.29,4.44,70.3,92.68,82.36,52.47,2848.46,0.69
2,2020,CENTRO-OESTE,Distrito Federal,Brancas,Mulher,0.233,0.874,Muito Alto,0.0,2.06,10.19,77.95,77.42,1889.47,626658.0,56934.0,368.0,3630.0,286527.0,15.61,26.87,16.76,6.35,72.54,93.47,84.35,56.87,2735.99,2.45
3,2021,CENTRO-OESTE,Distrito Federal,Brancas,Mulher,0.232,0.876,Muito Alto,0.0,3.42,11.2,78.63,72.53,1779.42,621439.0,46110.0,275.0,1247.0,295546.0,18.09,28.87,16.22,4.2,72.48,96.76,87.97,54.18,2495.66,1.34
4,2022,CENTRO-OESTE,Distrito Federal,Brancas,Mulher,0.221,0.912,Muito Alto,0.0,2.78,9.34,81.41,84.86,2078.16,636801.0,63351.0,246.0,4628.0,330543.0,19.44,26.96,15.21,4.89,71.51,94.72,84.24,49.73,2757.06,1.43
5,2018,CENTRO-OESTE,Goiás,Brancas,Mulher,0.226,0.821,Muito Alto,0.0,8.25,8.4,77.18,79.39,1022.56,1290803.0,79407.0,752.0,12690.0,579680.0,24.59,20.56,20.73,5.54,63.75,83.89,70.14,29.61,1317.41,1.18
6,2019,CENTRO-OESTE,Goiás,Brancas,Mulher,0.235,0.824,Muito Alto,0.71,8.91,8.37,77.56,77.68,936.76,1333145.0,97919.0,0.0,10111.0,599855.0,20.8,21.9,19.77,5.4,66.52,83.88,72.62,31.7,1220.94,1.27
7,2020,CENTRO-OESTE,Goiás,Brancas,Mulher,0.241,0.808,Muito Alto,0.0,7.74,11.46,75.56,84.99,819.47,1311931.0,97571.0,0.0,7955.0,551201.0,21.01,21.15,18.9,4.79,67.43,86.43,74.99,31.92,1163.73,1.92
8,2021,CENTRO-OESTE,Goiás,Brancas,Mulher,0.237,0.801,Muito Alto,0.0,5.87,10.68,75.37,73.19,857.37,1228565.0,115727.0,0.0,8473.0,510025.0,20.17,18.26,25.88,4.92,64.61,88.11,78.3,36.4,1332.23,1.17
9,2022,CENTRO-OESTE,Goiás,Brancas,Mulher,0.195,0.849,Muito Alto,0.0,1.41,5.61,78.08,87.15,1173.78,1310846.0,108906.0,0.0,14133.0,588393.0,21.46,19.34,25.01,5.4,65.71,86.75,76.35,34.86,1463.65,0.47
10,2018,CENTRO-OESTE,Mato Grosso,Brancas,Mulher,0.245,0.817,Muito Alto,2.14,7.07,6.87,77.3,70.7,1024.84,528756.0,51534.0,0.0,6321.0,223622.0,21.65,21.96,15.23,5.99,64.11,84.95,74.1,38.12,1371.68,1.75
11,2019,CENTRO-OESTE,Mato Grosso,Brancas,Mulher,0.221,0.828,Muito Alto,1.51,3.07,4.33,77.39,78.07,1098.91,493080.0,46880.0,764.0,5188.0,218977.0,20.87,20.23,21.24,6.06,68.95,84.95,72.89,35.21,1460.46,1.63
12,2020,CENTRO-OESTE,Mato Grosso,Brancas,Mulher,0.23,0.828,Muito Alto,0.0,3.96,8.52,76.41,64.88,1136.48,526605.0,60929.0,462.0,7549.0,232515.0,20.9,20.55,19.81,7.35,68.19,87.94,75.68,40.94,1797.22,0.73
13,2021,CENTRO-OESTE,Mato Grosso,Brancas,Mulher,0.242,0.792,Muito Alto,1.41,6.27,8.92,75.19,70.78,878.21,507616.0,57692.0,0.0,4658.0,211553.0,20.37,19.78,18.94,4.59,68.16,87.03,74.69,38.65,1336.39,0.73
14,2022,CENTRO-OESTE,Mato Grosso,Brancas,Mulher,0.221,0.844,Muito Alto,1.47,4.91,4.21,78.05,76.98,1194.27,503845.0,47802.0,656.0,7165.0,224530.0,22.85,19.16,20.28,6.0,65.72,85.91,75.58,35.01,1434.84,1.51
15,2018,CENTRO-OESTE,Mato Grosso do Sul,Brancas,Mulher,0.125,0.821,Muito Alto,1.06,5.67,7.39,77.6,72.04,1121.56,620192.0,41993.0,357.0,4647.0,282127.0,18.64,22.89,21.41,5.07,67.24,81.87,68.05,35.0,1487.21,1.45
16,2019,CENTRO-OESTE,Mato Grosso do Sul,Brancas,Mulher,0.119,0.823,Muito Alto,0.0,5.5,7.55,77.36,72.6,1111.89,587220.0,51064.0,411.0,7941.0,264310.0,22.89,20.54,24.24,7.42,62.52,83.81,69.84,35.08,1339.5,2.64
17,2020,CENTRO-OESTE,Mato Grosso do Sul,Brancas,Mulher,0.128,0.805,Muito Alto,0.0,9.91,10.49,75.35,62.33,1021.61,609418.0,58281.0,0.0,3608.0,251614.0,23.74,24.03,16.52,9.25,70.63,88.54,75.21,41.55,1440.83,1.06
18,2021,CENTRO-OESTE,Mato Grosso do Sul,Brancas,Mulher,0.131,0.797,Muito Alto,0.0,7.1,8.93,75.32,72.35,967.33,611505.0,70044.0,0.0,4006.0,249379.0,22.47,26.57,19.48,6.13,72.18,86.36,74.33,39.56,1369.9,1.93
19,2022,CENTRO-OESTE,Mato Grosso do Sul,Brancas,Mulher,0.099,0.836,Muito Alto,0.7,5.48,4.68,78.16,64.42,1236.96,630346.0,65816.0,289.0,6602.0,274399.0,19.65,21.15,20.65,6.24,69.95,87.77,77.52,38.78,1674.19,1.1
20,2018,NORDESTE,Alagoas,Brancas,Mulher,0.262,0.762,Muito Alto,0.4,20.49,14.63,75.45,53.39,660.2,444158.0,28910.0,371.0,1204.0,139322.0,18.67,27.72,24.22,2.37,67.37,82.41,73.55,36.67,1296.78,0.13
21,2019,NORDESTE,Alagoas,Brancas,Mulher,0.28,0.746,Muito Alto,1.65,23.84,12.45,75.16,49.91,584.22,441583.0,29770.0,390.0,1569.0,136419.0,24.56,28.83,23.7,3.25,60.17,78.41,67.32,32.66,1032.71,0.67
22,2020,NORDESTE,Alagoas,Brancas,Mulher,0.303,0.735,Alto,0.45,28.32,18.41,72.81,69.78,551.56,449457.0,31213.0,0.0,719.0,130120.0,21.33,34.1,20.39,3.16,64.18,80.91,70.42,37.39,1008.8,1.22
23,2021,NORDESTE,Alagoas,Brancas,Mulher,0.287,0.734,Muito Alto,0.68,24.12,17.22,73.6,52.43,534.0,497700.0,40247.0,0.0,2606.0,149143.0,26.06,25.12,23.11,3.08,58.47,84.12,73.43,36.07,1087.27,0.96
24,2022,NORDESTE,Alagoas,Brancas,Mulher,0.248,0.758,Muito Alto,0.0,18.83,12.2,75.1,61.17,627.29,470483.0,47202.0,352.0,2258.0,155771.0,31.47,26.8,19.6,4.17,59.32,83.4,74.51,28.01,994.66,0.84
25,2018,NORDESTE,Bahia,Brancas,Mulher,0.244,0.758,Muito Alto,0.07,25.59,14.04,74.98,58.87,695.7,1371844.0,103519.0,320.0,7525.0,499415.0,25.31,23.18,24.17,3.83,53.07,80.39,70.14,25.49,1073.93,2.02
26,2019,NORDESTE,Bahia,Brancas,Mulher,0.218,0.77,Muito Alto,0.0,17.03,14.11,74.89,64.23,741.11,1469768.0,109485.0,3311.0,12328.0,564442.0,27.39,18.25,22.89,3.44,53.32,82.92,70.82,25.76,1039.71,0.8
27,2020,NORDESTE,Bahia,Brancas,Mulher,0.232,0.768,Muito Alto,0.0,14.71,17.63,73.8,71.03,778.1,1463809.0,122052.0,1500.0,7227.0,468526.0,27.35,23.86,19.17,4.99,58.01,86.42,75.92,34.69,1273.44,1.65
28,2021,NORDESTE,Bahia,Brancas,Mulher,0.267,0.75,Muito Alto,0.69,20.51,22.36,73.32,75.19,681.27,1486152.0,126904.0,0.0,6247.0,464673.0,31.22,23.38,16.62,2.3,54.24,83.27,71.08,34.5,1144.93,0.86
29,2022,NORDESTE,Bahia,Brancas,Mulher,0.206,0.787,Muito Alto,0.24,13.23,14.63,75.14,73.31,764.22,1403389.0,100776.0,0.0,13557.0,547302.0,26.1,21.66,28.19,4.13,51.74,84.44,72.25,27.44,1182.85,1.64
30,2018,NORDESTE,Ceará,Brancas,Mulher,0.239,0.783,Muito Alto,0.54,16.73,9.95,75.84,61.21,770.44,1372541.0,100673.0,297.0,5587.0,523586.0,25.36,17.8,23.97,4.64,51.38,85.09,71.69,27.09,1018.85,1.13
31,2019,NORDESTE,Ceará,Brancas,Mulher,0.235,0.805,Muito Alto,0.99,16.1,8.67,76.59,66.59,881.52,1336501.0,96712.0,0.0,4187.0,528315.0,24.21,20.13,25.27,4.74,53.69,83.73,71.34,32.91,1241.59,0.88
32,2020,NORDESTE,Ceará,Brancas,Mulher,0.242,0.807,Muito Alto,0.37,18.95,11.31,75.39,67.9,939.85,1243713.0,85692.0,283.0,4240.0,452549.0,23.14,22.09,24.6,5.23,55.45,87.79,72.07,42.21,1400.73,2.85
33,2021,NORDESTE,Ceará,Brancas,Mulher,0.289,0.767,Muito Alto,0.55,25.14,17.4,73.35,72.35,644.66,1281293.0,112194.0,0.0,6050.0,396304.0,28.68,20.45,23.05,3.73,50.4,86.38,71.77,32.67,1041.17,1.99
34,2022,NORDESTE,Ceará,Brancas,Mulher,0.22,0.798,Muito Alto,0.0,15.63,8.53,76.38,72.97,719.1,1346370.0,117231.0,578.0,4772.0,481867.0,25.55,21.43,24.91,4.14,57.81,87.24,76.17,31.83,1120.86,1.18
35,2018,NORDESTE,Maranhão,Brancas,Mulher,0.287,0.754,Muito Alto,0.12,18.33,11.11,74.29,68.65,530.72,678743.0,52458.0,342.0,5045.0,217243.0,28.36,27.29,26.08,2.86,54.97,83.67,73.47,29.27,980.35,0.63
36,2019,NORDESTE,Maranhão,Brancas,Mulher,0.297,0.767,Muito Alto,0.78,21.22,13.59,75.03,76.15,552.98,662856.0,52593.0,713.0,4390.0,226011.0,26.99,28.15,25.29,4.04,53.66,84.37,72.51,28.72,1003.29,1.38
37,2020,NORDESTE,Maranhão,Brancas,Mulher,0.281,0.762,Muito Alto,2.14,16.51,12.95,73.67,78.87,525.66,618242.0,61119.0,190.0,2963.0,193526.0,28.92,31.3,26.77,3.11,56.79,86.45,76.54,28.37,1055.93,1.38
38,2021,NORDESTE,Maranhão,Brancas,Mulher,0.323,0.748,Alto,0.34,26.28,15.41,74.37,49.19,502.25,662256.0,61205.0,0.0,4344.0,212200.0,25.04,26.49,27.13,2.69,56.94,86.86,76.31,28.15,1012.91,0.98
39,2022,NORDESTE,Maranhão,Brancas,Mulher,0.255,0.774,Muito Alto,0.0,11.9,11.49,75.12,56.31,649.61,674126.0,63760.0,172.0,3397.0,238785.0,30.73,28.4,23.32,4.39,50.58,89.18,76.76,34.24,1066.15,1.34
40,2018,NORDESTE,Paraíba,Brancas,Mulher,0.259,0.764,Muito Alto,0.28,18.75,10.5,74.93,66.42,754.45,695834.0,46926.0,0.0,3787.0,244149.0,29.2,22.26,21.99,4.47,52.34,80.79,66.87,30.0,1155.04,1.03
41,2019,NORDESTE,Paraíba,Brancas,Mulher,0.305,0.76,Alto,0.44,26.35,14.51,75.28,63.99,702.5,684417.0,50449.0,388.0,2368.0,230272.0,27.05,23.9,23.91,4.81,59.12,81.07,69.67,33.77,1216.59,0.82
42,2020,NORDESTE,Paraíba,Brancas,Mulher,0.29,0.754,Muito Alto,0.5,18.13,17.35,73.59,67.13,596.22,664129.0,46743.0,880.0,1298.0,199870.0,27.65,26.77,27.04,3.03,63.9,84.31,70.88,31.81,985.78,0.58
43,2021,NORDESTE,Paraíba,Brancas,Mulher,0.292,0.759,Muito Alto,0.0,19.7,13.95,74.17,58.46,622.63,670040.0,63705.0,981.0,2409.0,200171.0,24.52,29.42,24.75,3.88,56.88,84.72,72.21,36.05,1164.69,0.43
44,2022,NORDESTE,Paraíba,Brancas,Mulher,0.262,0.78,Muito Alto,0.0,21.52,12.5,75.8,61.84,793.2,643028.0,51661.0,0.0,2808.0,226187.0,27.59,25.19,29.36,4.13,54.9,82.74,71.09,35.91,1177.27,1.3
45,2018,NORDESTE,Pernambuco,Brancas,Mulher,0.269,0.782,Muito Alto,0.4,19.99,14.62,75.64,63.87,716.02,1617873.0,124831.0,0.0,4956.0,638936.0,24.83,22.06,19.18,4.28,60.9,81.46,71.63,31.04,1165.79,0.73
46,2019,NORDESTE,Pernambuco,Brancas,Mulher,0.263,0.796,Muito Alto,0.32,17.89,12.55,76.23,66.66,823.19,1593815.0,100431.0,225.0,5806.0,570178.0,25.16,21.66,22.04,3.84,58.13,83.8,72.77,33.53,1311.61,0.69
47,2020,NORDESTE,Pernambuco,Brancas,Mulher,0.272,0.785,Muito Alto,0.0,20.31,15.14,73.89,77.56,715.63,1500537.0,123872.0,0.0,5419.0,495153.0,21.21,23.44,21.19,5.6,62.66,90.33,81.04,37.28,1362.06,0.74
48,2021,NORDESTE,Pernambuco,Brancas,Mulher,0.305,0.755,Alto,0.1,21.7,22.35,73.54,63.98,593.51,1591405.0,170901.0,1430.0,2600.0,540572.0,22.18,18.83,25.88,4.95,56.35,84.89,74.83,32.49,1122.95,1.31
49,2022,NORDESTE,Pernambuco,Brancas,Mulher,0.265,0.794,Muito Alto,0.95,13.77,13.81,76.17,75.75,703.26,1732334.0,187439.0,0.0,6362.0,632055.0,26.72,17.84,25.51,2.9,52.84,86.12,74.79,31.96,1066.84,0.72
50,2018,NORDESTE,Piauí,Brancas,Mulher,0.202,0.78,Muito Alto,0.0,15.0,9.16,75.87,68.64,737.7,329918.0,21240.0,179.0,3171.0,124193.0,24.47,27.8,21.29,6.14,59.91,83.03,72.06,33.09,1071.27,1.74
51,2019,NORDESTE,Piauí,Brancas,Mulher,0.221,0.763,Muito Alto,0.0,14.99,10.31,74.6,67.38,713.86,327322.0,15337.0,765.0,2436.0,125315.0,26.25,24.64,24.81,4.2,53.45,80.65,69.21,32.03,1027.16,1.8
52,2020,NORDESTE,Piauí,Brancas,Mulher,0.244,0.754,Muito Alto,1.41,15.49,12.11,73.53,64.75,624.79,317545.0,21492.0,216.0,2078.0,114415.0,27.0,25.52,22.51,5.79,56.19,83.66,72.97,31.56,852.93,0.57
53,2021,NORDESTE,Piauí,Brancas,Mulher,0.246,0.744,Muito Alto,0.0,13.65,14.28,73.4,72.98,577.42,331211.0,23528.0,0.0,1066.0,103827.0,25.24,29.34,25.98,1.0,52.36,78.95,66.14,35.42,901.95,2.1
54,2022,NORDESTE,Piauí,Brancas,Mulher,0.211,0.801,Muito Alto,0.0,20.92,8.95,76.51,69.83,831.25,332055.0,32978.0,746.0,3409.0,130442.0,23.42,27.68,20.18,6.89,60.29,87.9,74.99,43.93,1296.12,1.95
55,2018,NORDESTE,Rio Grande do Norte,Brancas,Mulher,0.238,0.78,Muito Alto,0.0,14.7,11.09,76.5,61.83,779.23,681498.0,50475.0,0.0,3812.0,263402.0,27.83,26.08,21.28,5.42,56.48,83.63,72.23,31.5,1017.88,1.46
56,2019,NORDESTE,Rio Grande do Norte,Brancas,Mulher,0.263,0.789,Muito Alto,0.59,15.23,9.78,76.79,58.71,825.93,744416.0,59713.0,0.0,1242.0,259748.0,26.04,22.68,20.24,4.12,59.58,83.56,70.9,30.8,1202.92,2.33
57,2020,NORDESTE,Rio Grande do Norte,Brancas,Mulher,0.261,0.772,Muito Alto,0.0,13.27,14.21,75.06,48.75,755.17,713290.0,70569.0,0.0,1713.0,232034.0,18.04,26.26,21.54,2.44,70.19,87.09,73.97,38.76,1319.88,0.95
58,2021,NORDESTE,Rio Grande do Norte,Brancas,Mulher,0.268,0.76,Muito Alto,0.0,15.01,15.64,74.56,51.59,698.71,734608.0,55786.0,717.0,1650.0,235722.0,22.92,22.32,24.57,8.37,58.75,90.14,78.79,39.42,1110.96,0.89
59,2022,NORDESTE,Rio Grande do Norte,Brancas,Mulher,0.233,0.785,Muito Alto,0.0,14.24,8.92,76.44,70.53,749.09,677790.0,57742.0,0.0,2907.0,246033.0,24.03,25.42,22.03,3.55,59.58,87.79,77.63,36.08,1181.12,1.01
60,2018,NORDESTE,Sergipe,Brancas,Mulher,0.268,0.752,Muito Alto,1.2,19.31,14.18,74.98,50.74,754.18,237344.0,14473.0,324.0,1835.0,89710.0,26.3,28.87,23.9,4.02,53.44,78.69,64.14,33.39,1128.03,1.35
61,2019,NORDESTE,Sergipe,Brancas,Mulher,0.258,0.778,Muito Alto,0.76,24.04,12.75,75.41,61.19,927.46,239447.0,25191.0,229.0,926.0,99289.0,22.15,21.56,19.43,8.75,59.94,81.84,67.22,38.62,1375.68,0.46
62,2020,NORDESTE,Sergipe,Brancas,Mulher,0.253,0.778,Muito Alto,0.89,13.47,16.12,74.71,52.96,879.66,223538.0,24795.0,0.0,1547.0,73707.0,17.9,26.36,24.8,9.85,65.12,89.21,75.11,38.66,1685.32,2.24
63,2021,NORDESTE,Sergipe,Brancas,Mulher,0.28,0.767,Muito Alto,0.0,25.05,15.11,73.81,81.52,733.53,271427.0,20520.0,619.0,149.0,93300.0,21.29,23.87,24.94,4.5,58.43,80.74,69.11,33.0,1128.18,0.27
64,2022,NORDESTE,Sergipe,Brancas,Mulher,0.215,0.779,Muito Alto,0.0,12.37,9.99,75.58,61.68,762.96,289252.0,27534.0,175.0,2010.0,100646.0,26.88,20.14,21.91,4.33,56.94,79.53,68.65,26.94,1066.83,0.41
65,2018,NORTE,Acre,Brancas,Mulher,0.24,0.793,Muito Alto,1.84,14.92,11.35,76.17,64.48,803.09,94754.0,6984.0,0.0,920.0,34329.0,23.84,34.42,14.9,4.11,60.65,88.6,79.3,33.91,1397.21,1.7
66,2019,NORTE,Acre,Brancas,Mulher,0.237,0.795,Muito Alto,1.02,10.94,14.43,76.3,52.43,819.95,84907.0,6925.0,0.0,315.0,30474.0,25.65,36.36,19.34,4.72,62.52,91.05,80.24,39.14,1458.04,2.17
67,2020,NORTE,Acre,Brancas,Mulher,0.206,0.796,Muito Alto,0.0,14.89,10.48,74.25,79.98,699.89,78326.0,7913.0,0.0,155.0,25405.0,16.36,28.79,17.8,2.78,65.27,92.49,84.89,42.43,1069.19,1.05
68,2021,NORTE,Acre,Brancas,Mulher,0.27,0.78,Muito Alto,1.54,21.95,21.56,74.46,67.7,691.59,70568.0,5533.0,0.0,578.0,28913.0,17.96,34.67,18.85,3.88,65.47,90.42,76.92,42.69,1248.8,0.44
69,2022,NORTE,Acre,Brancas,Mulher,0.243,0.8,Muito Alto,2.6,12.59,10.69,76.38,63.56,751.72,83666.0,9351.0,242.0,455.0,31592.0,25.59,35.62,17.41,2.22,59.28,90.22,79.38,38.88,1310.63,1.49
70,2018,NORTE,Amapá,Brancas,Mulher,0.2,0.797,Muito Alto,0.07,24.51,18.4,75.0,89.05,750.95,80528.0,6314.0,0.0,641.0,32853.0,22.56,39.28,16.36,4.59,63.59,86.85,79.08,39.9,1543.21,1.31
71,2019,NORTE,Amapá,Brancas,Mulher,0.234,0.783,Muito Alto,0.0,15.08,20.9,75.49,56.36,637.8,90897.0,6190.0,0.0,153.0,38192.0,22.7,32.66,24.35,3.77,54.19,90.17,82.75,34.9,1297.97,0.45
72,2020,NORTE,Amapá,Brancas,Mulher,0.231,0.761,Muito Alto,0.0,17.5,21.15,74.49,68.54,577.76,77021.0,5107.0,99.0,262.0,23686.0,28.9,36.7,14.78,4.62,60.83,91.81,82.19,39.91,1304.16,2.03
73,2021,NORTE,Amapá,Brancas,Mulher,,,,,,,,,,,,,,,,,,,,,,,,
74,2022,NORTE,Amapá,Brancas,Mulher,0.151,0.787,Muito Alto,0.0,9.71,8.33,75.8,77.54,674.91,88811.0,8786.0,0.0,626.0,35699.0,22.91,36.74,25.54,1.14,62.81,89.33,82.29,40.01,1175.87,0.0
75,2018,NORTE,Amazonas,Brancas,Mulher,0.234,0.8,Muito Alto,0.13,10.36,14.71,75.97,64.39,849.9,364828.0,22285.0,0.0,5246.0,149382.0,16.02,23.64,20.9,2.46,60.72,84.49,73.33,38.28,1311.28,0.86
76,2019,NORTE,Amazonas,Brancas,Mulher,0.249,0.798,Muito Alto,0.0,10.78,15.84,75.96,60.99,816.77,327104.0,22567.0,754.0,2396.0,141413.0,19.63,20.87,24.58,4.43,53.35,88.45,79.46,35.41,1287.29,1.72
77,2020,NORTE,Amazonas,Brancas,Mulher,0.241,0.798,Muito Alto,0.0,5.56,17.44,74.37,83.08,802.88,269239.0,23104.0,0.0,2796.0,110563.0,15.22,21.7,19.12,7.48,59.14,91.99,79.8,42.08,1508.09,2.16
78,2021,NORTE,Amazonas,Brancas,Mulher,0.267,0.77,Muito Alto,0.0,15.22,19.28,73.84,75.82,668.53,293858.0,21562.0,0.0,2458.0,130581.0,22.38,20.63,27.2,2.93,53.07,93.02,83.82,35.64,1180.24,0.42
79,2022,NORTE,Amazonas,Brancas,Mulher,0.214,0.816,Muito Alto,0.0,13.01,11.1,76.52,69.41,796.7,403247.0,35709.0,558.0,3973.0,166418.0,27.95,22.89,22.66,3.2,55.31,91.31,80.75,38.61,1329.13,0.32
80,2018,NORTE,Pará,Brancas,Mulher,0.238,0.787,Muito Alto,0.76,18.48,13.12,75.71,52.14,886.35,796720.0,44985.0,1057.0,5901.0,285126.0,24.77,21.4,23.69,5.54,52.13,83.92,71.16,27.7,1153.21,1.11
81,2019,NORTE,Pará,Brancas,Mulher,0.236,0.774,Muito Alto,0.4,17.37,10.52,76.14,49.78,718.63,831597.0,51352.0,1350.0,3161.0,315877.0,23.12,21.93,29.6,5.48,47.94,81.45,66.47,26.16,1132.77,0.9
82,2020,NORTE,Pará,Brancas,Mulher,0.215,0.771,Muito Alto,0.62,11.1,10.97,74.73,53.78,715.34,773776.0,63027.0,0.0,4950.0,285067.0,24.08,26.55,25.05,5.2,48.87,85.3,69.32,29.59,1167.55,1.35
83,2021,NORTE,Pará,Brancas,Mulher,0.245,0.775,Muito Alto,0.0,16.92,13.14,75.03,65.12,713.21,760401.0,64233.0,0.0,2143.0,271272.0,20.23,23.64,27.48,5.83,55.48,84.42,73.26,30.78,1081.16,1.19
84,2022,NORTE,Pará,Brancas,Mulher,0.217,0.782,Muito Alto,0.0,12.39,10.76,75.63,56.83,782.84,835030.0,57561.0,1469.0,6259.0,327046.0,27.74,18.41,30.3,4.58,45.55,81.08,71.24,27.35,1102.1,2.67
85,2018,NORTE,Rondônia,Brancas,Mulher,0.151,0.799,Muito Alto,1.31,7.64,6.9,76.81,68.07,875.63,267461.0,14249.0,0.0,2447.0,97979.0,21.72,25.87,14.16,4.95,62.19,79.2,67.98,31.85,1580.22,0.94
86,2019,NORTE,Rondônia,Brancas,Mulher,0.156,0.771,Muito Alto,0.0,6.29,11.6,75.75,54.99,783.32,261231.0,18922.0,109.0,1314.0,110661.0,19.47,22.77,22.12,3.62,58.2,82.19,70.34,27.25,1075.82,2.12
87,2020,NORTE,Rondônia,Brancas,Mulher,0.146,0.789,Muito Alto,1.42,4.22,8.87,75.07,74.58,804.37,288885.0,26547.0,0.0,1508.0,118139.0,11.22,24.71,26.48,2.63,69.23,87.56,77.01,36.02,1188.92,0.0
88,2021,NORTE,Rondônia,Brancas,Mulher,0.163,0.758,Muito Alto,0.0,8.33,13.0,73.6,77.49,615.61,271361.0,26561.0,271.0,475.0,99378.0,14.24,22.76,23.59,2.7,60.66,85.3,72.79,33.77,1018.87,0.89
89,2022,NORTE,Rondônia,Brancas,Mulher,0.142,0.766,Muito Alto,2.0,6.82,4.72,75.77,46.62,803.98,277718.0,31659.0,218.0,1431.0,107530.0,18.55,30.59,22.62,2.97,55.59,84.83,72.85,36.74,1207.88,2.22
90,2018,NORTE,Roraima,Brancas,Mulher,0.164,0.845,Muito Alto,2.17,12.02,11.17,77.59,79.28,1226.89,60230.0,5135.0,0.0,310.0,26577.0,21.4,44.01,12.58,4.77,72.55,92.59,81.74,46.93,2246.56,2.29
91,2019,NORTE,Roraima,Brancas,Mulher,0.183,0.812,Muito Alto,0.96,15.0,13.29,76.42,66.36,896.33,54125.0,5142.0,0.0,134.0,24965.0,28.59,28.66,18.69,9.63,58.63,91.93,83.52,38.12,1415.72,1.36
92,2020,NORTE,Roraima,Brancas,Mulher,0.201,0.795,Muito Alto,0.0,15.14,17.24,75.38,72.79,760.73,50897.0,3399.0,0.0,210.0,19250.0,24.99,33.09,25.0,2.85,55.7,92.37,85.34,36.85,1272.44,1.58
93,2021,NORTE,Roraima,Brancas,Mulher,0.181,0.805,Muito Alto,0.0,21.87,12.95,76.16,64.97,968.46,61017.0,6544.0,0.0,284.0,24315.0,35.32,34.72,15.07,8.1,60.12,92.98,84.44,47.71,1951.34,0.0
94,2022,NORTE,Roraima,Brancas,Mulher,0.11,0.814,Muito Alto,0.0,11.49,5.42,76.04,84.8,810.59,55987.0,5948.0,0.0,471.0,23468.0,22.45,34.06,20.45,0.84,66.63,95.75,88.31,38.47,1500.6,0.0
95,2018,NORTE,Tocantins,Brancas,Mulher,0.15,0.807,Muito Alto,1.25,5.45,11.13,76.14,74.51,966.52,159305.0,11672.0,0.0,739.0,62592.0,29.64,32.06,16.22,4.4,67.48,89.74,83.75,38.54,1396.34,1.71
96,2019,NORTE,Tocantins,Brancas,Mulher,0.134,0.826,Muito Alto,0.0,9.7,9.42,76.69,76.33,1006.01,162710.0,16263.0,0.0,634.0,70083.0,33.67,34.23,17.57,7.47,64.62,91.03,84.41,41.8,1516.1,0.76
97,2020,NORTE,Tocantins,Brancas,Mulher,0.146,0.8,Muito Alto,0.0,5.55,10.52,74.91,68.31,815.61,153456.0,13582.0,320.0,0.0,60061.0,35.83,37.8,17.83,3.62,68.89,88.53,81.96,42.67,1284.72,0.62
98,2021,NORTE,Tocantins,Brancas,Mulher,0.185,0.787,Muito Alto,0.0,8.79,11.93,75.12,62.31,716.64,152294.0,16980.0,0.0,207.0,60398.0,28.49,32.94,18.07,6.9,64.78,91.61,79.29,44.97,1359.52,0.0
99,2022,NORTE,Tocantins,Brancas,Mulher,0.109,0.822,Muito Alto,0.0,7.92,5.0,76.77,74.58,951.19,166881.0,16882.0,1211.0,373.0,67069.0,28.27,40.66,15.81,4.45,71.68,89.67,81.83,50.96,1463.41,0.61
100,2018,SUDESTE,Espírito Santo,Brancas,Mulher,0.152,0.828,Muito Alto,0.37,4.64,8.31,77.77,80.61,1111.66,769265.0,51435.0,0.0,5821.0,343356.0,19.77,20.37,19.88,4.59,64.35,82.03,70.95,33.15,1324.05,1.46
101,2019,SUDESTE,Espírito Santo,Brancas,Mulher,0.149,0.833,Muito Alto,0.0,6.42,8.09,78.34,70.26,1245.42,814889.0,54691.0,0.0,5191.0,379603.0,20.36,19.06,22.01,5.19,63.65,81.95,71.96,37.66,1375.94,1.12
102,2020,SUDESTE,Espírito Santo,Brancas,Mulher,0.153,0.806,Muito Alto,0.0,6.87,10.25,75.8,70.61,994.25,789572.0,59783.0,147.0,6329.0,350408.0,17.2,24.8,22.08,3.59,66.93,84.21,73.48,41.2,1261.63,1.93
103,2021,SUDESTE,Espírito Santo,Brancas,Mulher,0.162,0.804,Muito Alto,0.0,6.23,10.03,76.12,66.45,957.44,740641.0,63537.0,272.0,4663.0,329509.0,18.65,20.6,26.06,5.38,68.19,84.62,73.38,38.54,1183.62,1.14
104,2022,SUDESTE,Espírito Santo,Brancas,Mulher,0.136,0.822,Muito Alto,0.0,6.96,5.15,77.93,68.52,1102.33,791174.0,65060.0,1011.0,6034.0,343843.0,21.61,18.18,20.75,5.51,64.41,85.18,72.12,36.23,1293.83,1.71
105,2018,SUDESTE,Minas Gerais,Brancas,Mulher,0.199,0.814,Muito Alto,0.0,7.64,9.68,77.52,65.96,1090.32,4343866.0,277966.0,1957.0,37832.0,1935044.0,20.94,19.03,19.33,6.03,65.66,81.52,67.74,32.25,1260.97,2.56
106,2019,SUDESTE,Minas Gerais,Brancas,Mulher,0.194,0.826,Muito Alto,0.55,6.16,8.98,77.99,73.39,1078.21,4218712.0,285721.0,3570.0,36242.0,1979189.0,19.67,16.55,20.41,5.65,67.06,81.76,70.9,30.68,1207.8,2.29
107,2020,SUDESTE,Minas Gerais,Brancas,Mulher,0.207,0.811,Muito Alto,0.2,5.88,12.64,75.86,74.88,941.11,4195291.0,321717.0,513.0,34532.0,1815891.0,18.69,19.46,17.79,5.56,71.01,83.59,73.52,34.7,1177.25,2.86
108,2021,SUDESTE,Minas Gerais,Brancas,Mulher,0.208,0.806,Muito Alto,0.02,8.54,11.33,75.53,78.86,904.05,4592707.0,354795.0,2415.0,24265.0,1980366.0,20.81,18.59,20.23,4.47,65.78,84.05,72.77,35.92,1219.02,1.94
109,2022,SUDESTE,Minas Gerais,Brancas,Mulher,0.17,0.836,Muito Alto,0.0,5.07,5.16,78.11,79.27,1029.95,4377470.0,404961.0,2307.0,27091.0,1886798.0,20.36,20.21,18.28,7.04,68.27,86.85,76.54,35.04,1267.17,1.4
110,2018,SUDESTE,Rio de Janeiro,Brancas,Mulher,0.239,0.856,Muito Alto,0.0,6.92,13.22,79.02,73.08,1453.56,4240705.0,282738.0,0.0,10057.0,1806436.0,16.23,19.31,24.02,3.96,69.53,89.79,77.46,41.49,1869.77,0.7
111,2019,SUDESTE,Rio de Janeiro,Brancas,Mulher,0.243,0.864,Muito Alto,0.58,5.82,14.52,79.46,67.47,1601.74,4279400.0,305824.0,327.0,8404.0,1881842.0,16.98,18.78,23.69,3.97,67.2,91.18,78.23,44.47,2080.58,0.52
112,2020,SUDESTE,Rio de Janeiro,Brancas,Mulher,0.256,0.847,Muito Alto,0.0,8.66,16.34,77.37,74.98,1359.83,4189146.0,339195.0,897.0,6375.0,1647054.0,15.97,20.04,22.32,4.16,69.65,92.94,80.73,47.1,1988.99,1.93
113,2021,SUDESTE,Rio de Janeiro,Brancas,Mulher,0.264,0.831,Muito Alto,0.0,9.39,18.37,77.11,68.23,1287.11,4188417.0,339010.0,0.0,11018.0,1735129.0,15.52,19.18,26.27,3.79,67.63,93.48,82.18,50.96,2020.87,0.73
114,2022,SUDESTE,Rio de Janeiro,Brancas,Mulher,0.228,0.859,Muito Alto,0.46,4.97,11.04,79.09,75.36,1409.2,4218534.0,346562.0,593.0,15632.0,1837256.0,18.7,18.66,24.04,3.27,65.85,93.2,82.35,46.93,1899.46,0.4
115,2018,SUDESTE,São Paulo,Brancas,Mulher,0.236,0.861,Muito Alto,0.52,6.01,11.3,78.66,79.62,1454.19,14225492.0,1003523.0,5960.0,147934.0,6740351.0,17.05,13.15,18.64,5.7,67.79,87.91,76.5,36.03,1890.22,1.09
116,2019,SUDESTE,São Paulo,Brancas,Mulher,0.231,0.868,Muito Alto,0.4,4.9,11.33,78.94,85.57,1462.18,14128444.0,1162725.0,6727.0,128129.0,6763681.0,16.66,13.17,17.94,4.26,68.93,88.73,76.36,37.19,1851.0,1.11
117,2020,SUDESTE,São Paulo,Brancas,Mulher,0.244,0.846,Muito Alto,0.26,6.42,13.39,76.72,86.21,1239.64,14231848.0,1306544.0,0.0,76123.0,6293504.0,15.07,12.75,18.83,4.64,71.13,91.32,80.41,41.09,1693.45,2.27
118,2021,SUDESTE,São Paulo,Brancas,Mulher,0.254,0.841,Muito Alto,0.38,7.51,15.06,76.66,85.8,1198.04,14285560.0,1301397.0,6426.0,69554.0,6535116.0,15.06,13.62,20.07,3.7,70.6,91.52,82.67,42.59,1675.05,1.17
119,2022,SUDESTE,São Paulo,Brancas,Mulher,0.217,0.86,Muito Alto,0.0,3.76,8.83,78.98,79.29,1324.46,14066664.0,1331846.0,76.0,109454.0,6636646.0,16.48,12.58,20.95,4.49,70.34,91.02,80.86,40.09,1651.66,1.15
120,2018,SUL,Paraná,Brancas,Mulher,0.182,0.824,Muito Alto,0.55,5.07,7.75,77.41,75.21,1156.97,3834481.0,339858.0,4368.0,37468.0,1751223.0,16.35,17.49,19.08,5.55,70.29,81.78,68.28,31.13,1445.03,1.04
121,2019,SUL,Paraná,Brancas,Mulher,0.179,0.821,Muito Alto,0.23,5.25,8.46,77.2,74.92,1127.3,3736035.0,372057.0,2004.0,28788.0,1739517.0,17.13,18.4,20.13,5.2,68.41,84.21,71.06,32.35,1374.18,0.96
122,2020,SUL,Paraná,Brancas,Mulher,0.191,0.812,Muito Alto,0.72,4.17,10.17,75.39,80.67,965.24,3783952.0,401547.0,3271.0,29727.0,1665644.0,14.0,16.93,20.23,5.05,71.57,87.42,73.66,36.3,1319.35,2.08
123,2021,SUL,Paraná,Brancas,Mulher,0.183,0.806,Muito Alto,0.32,4.74,8.44,75.68,75.72,929.47,3885780.0,384157.0,2266.0,22975.0,1687776.0,13.98,16.03,22.88,5.01,72.62,86.2,74.52,35.16,1255.5,1.31
124,2022,SUL,Paraná,Brancas,Mulher,0.167,0.836,Muito Alto,1.63,4.32,5.22,77.8,78.31,1056.26,3836652.0,420346.0,1340.0,40664.0,1768358.0,17.84,17.08,19.79,4.09,70.56,87.4,74.77,34.63,1328.66,0.67
125,2018,SUL,Rio Grande do Sul,Brancas,Mulher,0.179,0.824,Muito Alto,0.51,5.24,8.04,78.48,65.03,1169.6,4655097.0,383970.0,2655.0,54942.0,2140059.0,16.89,15.57,19.71,4.11,69.5,81.55,65.9,26.15,1356.57,1.81
126,2019,SUL,Rio Grande do Sul,Brancas,Mulher,0.176,0.82,Muito Alto,0.34,6.38,7.74,78.61,59.99,1197.94,4658343.0,416355.0,4619.0,42895.0,2235879.0,16.4,16.39,21.15,4.2,69.61,81.97,67.62,27.3,1345.53,1.34
127,2020,SUL,Rio Grande do Sul,Brancas,Mulher,0.181,0.803,Muito Alto,0.07,6.14,8.84,76.56,62.45,1051.32,4659677.0,455698.0,0.0,31244.0,2084712.0,14.34,16.5,20.39,3.76,72.86,84.06,71.1,29.73,1265.08,1.76
128,2021,SUL,Rio Grande do Sul,Brancas,Mulher,0.182,0.811,Muito Alto,0.14,7.94,9.53,76.65,68.82,1017.37,4745126.0,489632.0,669.0,41396.0,2135753.0,15.08,15.67,20.48,3.89,71.89,86.13,72.04,30.67,1218.44,1.5
129,2022,SUL,Rio Grande do Sul,Brancas,Mulher,0.163,0.83,Muito Alto,0.3,3.69,6.02,78.62,66.4,1175.24,4589606.0,517264.0,2893.0,44894.0,2141992.0,15.72,17.06,19.21,4.67,70.84,85.99,70.49,31.23,1441.64,1.57
130,2018,SUL,Santa Catarina,Brancas,Mulher,0.124,0.825,Muito Alto,0.34,3.19,5.79,78.11,73.05,1092.34,2903832.0,262340.0,1988.0,29908.0,1358639.0,13.45,15.26,16.66,4.56,76.9,82.05,67.07,27.59,1334.12,0.8
131,2019,SUL,Santa Catarina,Brancas,Mulher,0.123,0.831,Muito Alto,0.41,2.56,5.93,78.47,72.38,1136.06,2964169.0,281935.0,3673.0,38099.0,1404729.0,12.9,14.99,18.21,4.83,75.68,84.11,68.42,29.25,1371.28,0.72
132,2020,SUL,Santa Catarina,Brancas,Mulher,0.129,0.809,Muito Alto,0.0,3.57,6.95,76.23,70.28,974.01,3046203.0,312632.0,134.0,25932.0,1391861.0,11.73,15.68,17.69,4.8,78.25,86.31,73.04,30.39,1291.28,0.88
133,2021,SUL,Santa Catarina,Brancas,Mulher,0.122,0.811,Muito Alto,0.34,3.11,5.07,76.42,67.91,951.29,2983136.0,329438.0,614.0,25843.0,1344580.0,10.77,15.73,19.37,4.36,77.62,87.57,73.17,30.65,1250.29,0.45
134,2022,SUL,Santa Catarina,Brancas,Mulher,0.11,0.837,Muito Alto,0.51,2.94,3.6,78.62,71.07,1114.97,2940271.0,316395.0,3540.0,33400.0,1394066.0,11.84,13.64,21.95,4.24,77.45,86.29,70.65,31.14,1401.62,0.31
135,2018,CENTRO-OESTE,Distrito Federal,Negras,Mulher,0.271,0.826,Muito Alto,0.29,7.23,13.37,77.45,66.5,1218.93,927321.0,88679.0,1845.0,12061.0,463963.0,19.22,15.55,15.64,3.4,70.43,84.23,70.51,27.83,1696.51,1.46
136,2019,CENTRO-OESTE,Distrito Federal,Negras,Mulher,0.3,0.839,Alto,2.11,8.58,17.37,77.44,74.94,1233.93,935540.0,108987.0,1284.0,9600.0,462350.0,20.55,17.59,16.64,3.22,65.36,83.85,73.01,31.44,1713.13,1.46
137,2020,CENTRO-OESTE,Distrito Federal,Negras,Mulher,0.305,0.808,Alto,2.77,5.72,19.23,75.43,74.72,1030.03,950337.0,98342.0,974.0,8112.0,404931.0,17.95,18.74,16.1,3.12,70.38,87.98,77.51,35.3,1659.86,1.26
138,2021,CENTRO-OESTE,Distrito Federal,Negras,Mulher,0.288,0.804,Muito Alto,0.58,5.14,19.55,75.66,65.46,1036.04,969686.0,115841.0,1787.0,9028.0,469935.0,18.36,21.76,15.84,2.4,66.34,89.1,77.76,35.93,1624.14,0.93
139,2022,CENTRO-OESTE,Distrito Federal,Negras,Mulher,0.258,0.847,Muito Alto,0.0,5.95,12.82,77.97,74.9,1228.6,959269.0,124669.0,745.0,15491.0,494441.0,21.86,15.98,15.91,2.25,67.82,90.24,78.62,33.57,1639.29,1.25
140,2018,CENTRO-OESTE,Goiás,Negras,Mulher,0.28,0.771,Muito Alto,0.89,10.34,12.0,75.83,63.85,694.04,2195988.0,193335.0,1703.0,25456.0,971855.0,26.0,18.06,20.84,2.85,59.64,76.37,62.0,19.55,981.64,1.7
141,2019,CENTRO-OESTE,Goiás,Negras,Mulher,0.288,0.774,Muito Alto,0.65,11.99,14.36,75.71,66.45,681.13,2263232.0,228533.0,2378.0,24442.0,1038046.0,26.37,15.5,20.74,2.66,59.57,78.85,63.9,20.19,964.28,1.18
142,2020,CENTRO-OESTE,Goiás,Negras,Mulher,0.3,0.77,Alto,1.26,10.12,18.54,74.14,76.03,632.55,2293662.0,231094.0,901.0,13920.0,922912.0,26.21,17.48,18.87,2.71,61.39,82.92,70.64,23.17,949.63,1.88
143,2021,CENTRO-OESTE,Goiás,Negras,Mulher,0.3,0.76,Alto,0.18,13.1,16.91,74.2,63.81,592.55,2429842.0,280429.0,0.0,19893.0,1042296.0,25.36,17.28,19.34,1.75,62.77,83.74,66.92,23.88,958.02,0.36
144,2022,CENTRO-OESTE,Goiás,Negras,Mulher,0.261,0.792,Muito Alto,0.33,8.16,9.55,76.49,69.97,719.75,2347831.0,303546.0,2709.0,28553.0,1093968.0,26.15,14.45,18.92,3.14,61.57,80.57,65.42,21.9,968.06,1.17
145,2018,CENTRO-OESTE,Mato Grosso,Negras,Mulher,0.189,0.781,Muito Alto,0.86,7.29,8.97,75.93,64.92,770.79,1149129.0,132379.0,1451.0,12461.0,481922.0,25.29,16.62,18.63,2.11,61.0,77.15,60.4,21.41,1049.78,1.35
146,2019,CENTRO-OESTE,Mato Grosso,Negras,Mulher,0.191,0.778,Muito Alto,0.57,7.3,11.64,75.23,65.5,721.38,1190384.0,140998.0,1556.0,17041.0,522432.0,26.89,17.79,20.33,2.07,60.55,77.62,62.87,19.52,1011.78,1.0
147,2020,CENTRO-OESTE,Mato Grosso,Negras,Mulher,0.194,0.765,Muito Alto,0.39,6.36,14.11,74.31,58.14,637.78,1172784.0,154552.0,2134.0,16030.0,467990.0,24.01,21.2,19.35,2.02,64.57,82.13,67.03,22.9,982.52,0.76
148,2021,CENTRO-OESTE,Mato Grosso,Negras,Mulher,0.195,0.767,Muito Alto,0.0,8.52,14.92,74.48,55.92,629.51,1207490.0,162951.0,1018.0,12691.0,508542.0,25.04,16.98,21.06,2.26,61.03,84.26,68.78,22.79,957.42,0.11
149,2022,CENTRO-OESTE,Mato Grosso,Negras,Mulher,0.162,0.795,Muito Alto,1.59,5.89,5.72,75.85,71.27,719.11,1210172.0,195090.0,2350.0,11872.0,497874.0,24.85,16.11,19.37,1.36,62.88,84.89,66.85,22.13,1004.94,0.29
150,2018,CENTRO-OESTE,Mato Grosso do Sul,Negras,Mulher,0.225,0.751,Muito Alto,0.58,11.45,10.68,75.54,50.14,674.12,708273.0,73496.0,676.0,6601.0,316891.0,30.92,18.8,18.34,2.48,59.19,70.75,53.11,16.31,905.36,2.73
151,2019,CENTRO-OESTE,Mato Grosso do Sul,Negras,Mulher,0.213,0.763,Muito Alto,0.66,10.91,10.27,75.89,47.91,723.81,756352.0,90097.0,1297.0,9207.0,360127.0,27.87,17.61,19.84,2.92,57.29,74.35,57.48,20.66,909.83,2.44
152,2020,CENTRO-OESTE,Mato Grosso do Sul,Negras,Mulher,0.227,0.755,Muito Alto,0.59,10.47,13.26,74.15,53.41,651.99,743736.0,92351.0,465.0,3087.0,311523.0,25.74,18.17,18.17,2.32,62.48,80.05,62.57,21.92,939.53,2.44
153,2021,CENTRO-OESTE,Mato Grosso do Sul,Negras,Mulher,0.229,0.743,Muito Alto,0.66,11.54,13.72,73.98,53.32,592.9,762123.0,110569.0,0.0,11119.0,336996.0,27.98,16.2,23.65,1.42,56.51,79.92,62.13,20.74,855.79,0.87
154,2022,CENTRO-OESTE,Mato Grosso do Sul,Negras,Mulher,0.204,0.774,Muito Alto,1.11,9.83,7.42,76.09,59.07,753.59,749722.0,104758.0,1322.0,11250.0,335936.0,27.39,18.94,19.81,2.07,60.11,79.31,66.55,22.14,1047.76,1.57
155,2018,NORDESTE,Alagoas,Negras,Mulher,0.357,0.689,Médio,1.49,31.54,19.95,73.19,49.71,370.09,1259194.0,118092.0,424.0,5886.0,340501.0,32.31,26.53,19.97,2.0,56.18,71.61,58.07,20.84,745.52,0.5
156,2019,NORDESTE,Alagoas,Negras,Mulher,0.36,0.691,Médio,0.86,31.69,18.05,73.48,44.37,386.85,1268689.0,122809.0,111.0,6697.0,351083.0,31.12,23.08,21.67,1.44,53.4,71.85,58.04,19.23,739.62,0.44
157,2020,NORDESTE,Alagoas,Negras,Mulher,0.34,0.697,Médio,1.06,28.32,23.3,72.21,45.67,393.0,1254287.0,128502.0,234.0,4177.0,340710.0,31.03,26.39,21.82,1.77,56.41,76.61,65.12,24.1,716.34,0.8
158,2021,NORDESTE,Alagoas,Negras,Mulher,0.345,0.691,Médio,1.06,28.94,23.64,72.16,44.68,364.91,1235435.0,155389.0,763.0,5078.0,391563.0,31.93,24.28,23.26,1.63,52.88,75.3,63.33,24.39,703.05,0.63
159,2022,NORDESTE,Alagoas,Negras,Mulher,0.305,0.73,Alto,1.31,23.72,13.02,74.64,54.68,441.98,1265474.0,177720.0,1804.0,7782.0,413124.0,34.97,24.93,23.33,1.8,55.3,78.81,64.57,21.52,818.18,0.52
160,2018,NORDESTE,Bahia,Negras,Mulher,0.3,0.72,Alto,0.69,21.87,17.87,74.17,48.09,488.88,6188576.0,588117.0,4296.0,62501.0,2454210.0,30.95,17.54,24.44,1.77,48.86,74.83,62.77,19.16,783.77,1.83
161,2019,NORDESTE,Bahia,Negras,Mulher,0.294,0.728,Muito Alto,0.53,21.53,19.39,74.44,45.21,508.01,6111695.0,672990.0,10782.0,66785.0,2474361.0,30.05,17.85,24.82,2.14,48.33,76.73,65.04,19.4,771.77,1.67
162,2020,NORDESTE,Bahia,Negras,Mulher,0.286,0.725,Muito Alto,0.44,19.31,23.39,73.06,49.96,463.08,6123061.0,711396.0,1204.0,38279.0,2215295.0,26.99,18.92,25.54,1.45,54.06,80.1,69.98,21.93,772.02,1.92
163,2021,NORDESTE,Bahia,Negras,Mulher,0.295,0.701,Muito Alto,0.84,22.61,28.85,72.72,42.27,390.52,6148312.0,688522.0,1225.0,40170.0,2310446.0,29.38,20.26,22.23,1.51,50.71,80.93,66.72,19.15,664.61,1.24
164,2022,NORDESTE,Bahia,Negras,Mulher,0.277,0.739,Muito Alto,0.53,20.17,18.5,74.62,56.71,474.25,6234080.0,831232.0,6681.0,48108.0,2474938.0,33.39,18.17,23.47,0.91,48.05,78.96,66.76,21.49,759.38,3.01
165,2018,NORDESTE,Ceará,Negras,Mulher,0.267,0.732,Muito Alto,0.34,22.71,11.97,74.03,64.05,441.49,3312486.0,348429.0,1829.0,25768.0,1229678.0,32.29,15.56,26.87,1.92,42.03,71.85,55.28,15.6,652.13,2.09
166,2019,NORDESTE,Ceará,Negras,Mulher,0.279,0.735,Muito Alto,0.5,24.34,14.0,74.26,61.95,460.86,3389522.0,355390.0,2036.0,12389.0,1264127.0,31.48,15.41,27.1,1.97,43.03,74.6,59.35,16.5,723.22,1.1
167,2020,NORDESTE,Ceará,Negras,Mulher,0.291,0.744,Muito Alto,1.36,27.88,16.56,73.31,69.19,460.48,3413529.0,382188.0,667.0,10759.0,1101092.0,28.55,18.47,27.69,1.63,49.08,80.89,68.39,22.29,776.09,1.53
168,2021,NORDESTE,Ceará,Negras,Mulher,0.297,0.737,Muito Alto,1.24,25.36,18.14,73.04,72.98,418.94,3506889.0,479783.0,461.0,16408.0,1175921.0,29.29,17.37,25.24,1.75,48.4,81.4,66.75,20.08,749.32,1.09
169,2022,NORDESTE,Ceará,Negras,Mulher,0.251,0.746,Muito Alto,0.35,23.02,9.26,74.9,68.36,432.41,3388530.0,445494.0,1055.0,12084.0,1161070.0,33.52,18.67,26.82,2.42,45.95,81.69,66.28,18.67,652.41,0.71
170,2018,NORDESTE,Maranhão,Negras,Mulher,0.341,0.702,Alto,0.91,27.74,16.38,73.13,50.55,349.52,2837763.0,272174.0,1668.0,18813.0,858302.0,32.03,24.86,29.94,1.37,43.55,75.93,62.28,17.34,679.72,0.93
171,2019,NORDESTE,Maranhão,Negras,Mulher,0.344,0.709,Alto,1.76,29.76,16.36,73.3,58.03,347.92,2878010.0,314582.0,1097.0,17980.0,872670.0,34.45,23.86,28.19,1.62,42.7,75.13,62.02,17.2,668.65,0.83
172,2020,NORDESTE,Maranhão,Negras,Mulher,0.329,0.711,Alto,1.3,26.96,17.8,72.3,61.48,344.35,2912146.0,317169.0,544.0,11240.0,797100.0,31.58,22.93,31.01,1.14,42.46,80.0,67.78,18.12,655.96,1.42
173,2021,NORDESTE,Maranhão,Negras,Mulher,0.352,0.701,Alto,0.92,34.31,23.21,72.41,62.05,304.82,2932140.0,398907.0,1603.0,14292.0,842954.0,33.48,24.87,27.86,1.62,44.44,84.17,69.63,19.74,685.83,1.76
174,2022,NORDESTE,Maranhão,Negras,Mulher,0.283,0.73,Muito Alto,0.52,25.71,11.8,74.27,59.88,388.32,2896115.0,374739.0,1964.0,18725.0,917669.0,37.07,24.86,28.73,1.47,43.7,80.34,66.71,19.59,669.85,1.25
175,2018,NORDESTE,Paraíba,Negras,Mulher,0.308,0.711,Alto,1.19,25.81,11.54,74.02,56.41,480.1,1356939.0,138350.0,1092.0,8348.0,458701.0,30.82,22.7,22.84,2.3,49.18,70.64,56.7,18.16,755.24,0.99
176,2019,NORDESTE,Paraíba,Negras,Mulher,0.32,0.721,Alto,0.73,25.86,14.85,74.22,49.79,489.4,1381009.0,154125.0,520.0,9528.0,471037.0,31.91,23.23,25.53,1.95,48.93,72.12,59.73,21.6,761.47,0.53
177,2020,NORDESTE,Paraíba,Negras,Mulher,0.32,0.706,Alto,1.01,24.42,20.04,72.69,44.39,432.84,1390503.0,156880.0,413.0,8804.0,402699.0,29.72,29.36,23.23,2.23,54.07,76.56,62.39,22.92,822.18,1.19
178,2021,NORDESTE,Paraíba,Negras,Mulher,0.336,0.678,Médio,1.24,27.38,21.65,71.41,50.57,387.75,1374112.0,160587.0,0.0,6505.0,419669.0,28.53,24.45,31.58,1.82,51.03,76.19,62.01,20.1,744.19,1.15
179,2022,NORDESTE,Paraíba,Negras,Mulher,0.306,0.725,Alto,1.95,20.45,12.87,74.29,62.68,447.14,1400152.0,196746.0,947.0,6760.0,450808.0,37.61,23.47,25.41,1.88,48.48,74.28,60.32,18.59,710.13,1.0
180,2018,NORDESTE,Pernambuco,Negras,Mulher,0.343,0.732,Alto,0.8,23.46,18.78,73.95,63.2,469.48,3327885.0,306210.0,102.0,13820.0,1178364.0,30.46,19.01,23.4,1.47,50.2,76.7,64.76,21.95,812.98,0.76
181,2019,NORDESTE,Pernambuco,Negras,Mulher,0.361,0.725,Alto,1.42,25.88,18.56,73.54,62.94,476.16,3325640.0,363770.0,435.0,14978.0,1189141.0,30.55,17.02,24.35,2.34,47.7,76.33,63.36,18.69,794.45,0.66
182,2020,NORDESTE,Pernambuco,Negras,Mulher,0.346,0.72,Alto,0.51,24.99,21.34,72.65,66.72,408.45,3433633.0,381933.0,314.0,10964.0,1070067.0,24.6,17.04,25.21,2.03,54.41,78.92,68.07,20.48,731.51,1.15
183,2021,NORDESTE,Pernambuco,Negras,Mulher,0.368,0.71,Alto,0.31,29.41,26.36,72.43,59.28,355.88,3299995.0,449106.0,1315.0,8763.0,1101785.0,26.91,15.87,28.44,1.99,47.03,77.63,66.07,20.74,700.67,0.47
184,2022,NORDESTE,Pernambuco,Negras,Mulher,0.327,0.742,Alto,0.08,22.94,17.71,74.64,58.05,466.16,3239627.0,458160.0,0.0,19337.0,1170095.0,32.54,16.65,23.16,2.28,48.42,79.83,65.81,20.51,860.19,0.4
185,2018,NORDESTE,Piauí,Negras,Mulher,0.266,0.71,Muito Alto,0.32,22.98,12.98,73.61,48.55,456.15,1328273.0,126275.0,232.0,7702.0,449313.0,27.78,21.6,29.19,2.16,43.51,72.82,57.25,20.33,709.37,1.84
186,2019,NORDESTE,Piauí,Negras,Mulher,0.269,0.723,Muito Alto,1.3,25.54,12.62,74.0,58.58,451.78,1364460.0,133802.0,1853.0,8683.0,485643.0,32.02,20.33,27.78,1.86,38.96,72.0,57.22,19.25,623.22,1.96
187,2020,NORDESTE,Piauí,Negras,Mulher,0.273,0.721,Muito Alto,2.57,21.76,15.91,72.49,68.8,445.45,1369382.0,134987.0,1343.0,7446.0,415926.0,27.05,21.94,27.94,1.99,44.31,73.85,61.08,22.18,607.98,2.09
188,2021,NORDESTE,Piauí,Negras,Mulher,0.292,0.719,Muito Alto,4.51,24.77,13.7,72.93,64.99,407.14,1350391.0,143685.0,1223.0,5986.0,486078.0,26.48,21.98,28.74,1.3,45.08,77.1,66.18,24.46,696.49,1.15
189,2022,NORDESTE,Piauí,Negras,Mulher,0.259,0.744,Muito Alto,1.07,22.83,12.85,74.26,70.2,504.38,1313595.0,150227.0,364.0,11863.0,469136.0,36.87,23.1,26.31,2.93,44.63,77.01,66.62,24.9,850.75,1.6
190,2018,NORDESTE,Rio Grande do Norte,Negras,Mulher,0.281,0.723,Muito Alto,0.24,24.88,14.17,74.45,53.65,512.83,1123824.0,116935.0,1544.0,6086.0,379977.0,30.01,22.37,22.28,3.35,53.17,75.07,59.3,19.91,845.14,2.21
191,2019,NORDESTE,Rio Grande do Norte,Negras,Mulher,0.306,0.728,Alto,0.77,23.05,16.89,74.72,43.02,550.66,1095282.0,134251.0,275.0,8286.0,374924.0,25.88,17.88,26.9,2.61,53.95,76.71,59.08,17.79,768.01,1.85
192,2020,NORDESTE,Rio Grande do Norte,Negras,Mulher,0.291,0.72,Muito Alto,0.26,22.32,21.04,72.79,50.9,507.77,1094779.0,130236.0,243.0,3423.0,350890.0,26.28,19.58,29.38,3.4,51.87,80.69,68.22,23.75,793.29,2.18
193,2021,NORDESTE,Rio Grande do Norte,Negras,Mulher,0.315,0.709,Alto,0.97,17.66,18.49,73.51,44.22,446.77,1093327.0,147439.0,0.0,7007.0,358246.0,29.42,18.16,21.62,6.62,48.15,81.93,67.35,19.07,747.11,1.61
194,2022,NORDESTE,Rio Grande do Norte,Negras,Mulher,0.274,0.732,Muito Alto,0.6,21.14,14.08,74.92,47.41,492.54,1138006.0,143755.0,0.0,3781.0,394697.0,31.31,17.8,22.67,2.22,50.75,81.22,64.85,20.43,805.82,1.37
195,2018,NORDESTE,Sergipe,Negras,Mulher,0.316,0.722,Alto,0.88,24.12,18.62,74.11,50.67,529.11,949420.0,99793.0,0.0,7198.0,341405.0,23.77,19.06,25.35,1.89,52.84,74.31,60.12,20.94,849.64,1.57
196,2019,NORDESTE,Sergipe,Negras,Mulher,0.312,0.717,Alto,0.39,19.06,20.08,74.27,40.88,515.07,949967.0,131379.0,1311.0,6661.0,383472.0,27.84,17.73,26.96,2.33,46.04,71.31,58.37,17.37,780.85,1.41
197,2020,NORDESTE,Sergipe,Negras,Mulher,0.295,0.725,Muito Alto,0.39,19.75,23.08,73.13,48.57,514.03,965913.0,133089.0,973.0,3286.0,359110.0,25.67,18.32,23.09,3.42,53.22,76.3,63.71,20.93,793.4,1.93
198,2021,NORDESTE,Sergipe,Negras,Mulher,0.318,0.705,Alto,0.38,27.65,29.49,72.25,46.86,411.24,940706.0,140882.0,891.0,6982.0,366854.0,27.96,16.82,31.15,0.98,45.1,76.67,62.83,20.0,683.05,0.3
199,2022,NORDESTE,Sergipe,Negras,Mulher,0.307,0.736,Alto,2.61,19.71,16.86,74.91,45.43,502.81,921027.0,135904.0,1528.0,7298.0,354756.0,32.85,19.74,24.19,2.56,49.31,75.5,63.44,20.98,789.37,2.02
200,2018,NORTE,Acre,Negras,Mulher,0.34,0.731,Alto,0.93,23.75,14.54,74.37,54.37,498.4,328493.0,39828.0,106.0,1603.0,114587.0,28.79,27.15,20.15,1.3,48.31,75.11,61.59,22.75,902.79,1.0
201,2019,NORTE,Acre,Negras,Mulher,0.357,0.73,Alto,1.02,27.04,18.27,73.83,55.78,472.81,351550.0,38503.0,0.0,1721.0,117908.0,25.08,28.19,21.25,0.62,55.63,79.38,66.66,26.9,932.13,1.57
202,2020,NORTE,Acre,Negras,Mulher,0.348,0.734,Alto,0.76,24.33,19.25,73.07,59.4,440.98,368534.0,38804.0,125.0,1713.0,108344.0,23.32,29.51,20.72,1.73,58.05,84.07,73.83,29.03,951.54,2.21
203,2021,NORTE,Acre,Negras,Mulher,0.352,0.723,Alto,1.23,28.25,19.81,73.48,57.71,428.29,363465.0,49130.0,493.0,1993.0,120516.0,25.22,28.04,20.23,1.24,58.77,86.8,74.09,30.31,888.99,2.09
204,2022,NORTE,Acre,Negras,Mulher,0.319,0.736,Alto,2.75,20.31,12.98,74.45,58.24,496.72,354296.0,50163.0,284.0,1493.0,117515.0,31.07,32.02,19.23,1.74,54.12,84.25,70.96,28.88,995.3,1.3
205,2018,NORTE,Amapá,Negras,Mulher,0.244,0.742,Muito Alto,0.0,20.99,23.24,74.17,57.03,482.7,330261.0,35813.0,330.0,3188.0,116291.0,29.88,33.64,18.21,3.02,56.71,83.17,72.87,28.06,1163.6,0.21
206,2019,NORTE,Amapá,Negras,Mulher,0.241,0.745,Muito Alto,0.0,20.44,20.66,74.32,64.0,488.59,347030.0,28280.0,0.0,2541.0,133263.0,23.96,26.87,25.14,1.17,50.06,84.47,66.96,24.16,1032.33,0.0
207,2020,NORTE,Amapá,Negras,Mulher,0.239,0.718,Muito Alto,0.72,20.82,20.28,73.43,47.63,450.83,354455.0,28470.0,173.0,2442.0,115343.0,22.48,32.14,24.31,1.76,55.38,82.13,69.51,28.48,1070.89,1.33
208,2021,NORTE,Amapá,Negras,Mulher,0.249,0.671,Alto,0.5,15.6,19.26,73.36,41.19,393.46,377800.0,38139.0,0.0,220.0,111986.0,17.79,26.32,34.91,2.49,48.52,84.09,76.23,28.37,982.66,0.0
209,2022,NORTE,Amapá,Negras,Mulher,0.228,0.76,Muito Alto,1.36,25.58,15.55,75.31,59.67,508.11,342733.0,45443.0,188.0,1306.0,135703.0,25.64,28.94,29.92,1.02,46.32,83.8,74.99,27.17,1025.0,0.9
210,2018,NORTE,Amazonas,Negras,Mulher,0.35,0.728,Alto,1.25,22.33,17.5,74.18,53.34,429.68,1537050.0,149352.0,5060.0,14263.0,590472.0,24.12,20.06,24.91,1.63,47.23,76.14,63.34,18.06,711.65,1.56
211,2019,NORTE,Amazonas,Negras,Mulher,0.35,0.739,Alto,0.25,21.02,19.23,74.39,54.12,459.47,1625073.0,174261.0,3421.0,14415.0,641154.0,23.95,19.17,24.04,2.25,47.21,79.23,66.85,21.92,810.94,1.86
212,2020,NORTE,Amazonas,Negras,Mulher,0.355,0.731,Alto,1.18,23.04,20.04,73.41,59.91,418.57,1673950.0,181080.0,1633.0,12947.0,586185.0,23.75,20.3,23.37,1.75,46.0,82.06,69.82,22.4,804.62,1.17
213,2021,NORTE,Amazonas,Negras,Mulher,0.355,0.72,Alto,0.8,23.51,18.35,73.77,54.53,376.17,1644590.0,187044.0,1535.0,8705.0,631527.0,24.85,20.49,25.95,1.29,44.89,82.65,70.62,23.42,724.95,0.6
214,2022,NORTE,Amazonas,Negras,Mulher,0.309,0.753,Alto,0.27,21.1,13.66,74.9,62.05,484.16,1630778.0,202476.0,956.0,14064.0,646539.0,27.28,18.84,29.26,1.47,44.12,81.29,68.71,22.4,797.95,1.75
215,2018,NORTE,Pará,Negras,Mulher,0.302,0.722,Alto,0.63,23.0,14.56,74.28,46.96,462.98,3407204.0,318493.0,5659.0,24173.0,1228311.0,30.32,19.57,28.92,2.26,40.63,73.23,56.39,16.31,763.94,2.23
216,2019,NORTE,Pará,Negras,Mulher,0.311,0.725,Alto,0.59,27.48,14.28,74.62,49.6,436.92,3476648.0,324997.0,6185.0,27569.0,1218828.0,31.9,20.67,28.72,1.97,39.63,75.81,59.92,17.46,751.85,1.5
217,2020,NORTE,Pará,Negras,Mulher,0.283,0.735,Muito Alto,0.32,21.25,13.7,73.87,59.44,450.36,3564958.0,318454.0,1249.0,18789.0,1163148.0,28.9,22.93,29.61,1.83,42.41,79.37,66.12,20.23,798.07,1.73
218,2021,NORTE,Pará,Negras,Mulher,0.329,0.713,Alto,2.45,23.21,18.31,72.91,59.58,393.8,3520440.0,375647.0,3048.0,17337.0,1183410.0,28.59,21.09,29.8,1.64,43.97,80.63,66.26,20.81,745.59,1.55
219,2022,NORTE,Pará,Negras,Mulher,0.292,0.74,Muito Alto,1.63,21.04,13.38,74.81,52.18,497.0,3501252.0,382633.0,4443.0,32938.0,1301190.0,32.1,18.17,27.04,2.43,41.87,78.49,63.54,18.27,796.11,2.24
220,2018,NORTE,Rondônia,Negras,Mulher,0.203,0.746,Muito Alto,1.7,15.2,12.96,75.09,59.88,594.99,593116.0,43835.0,445.0,8064.0,222270.0,22.43,23.7,18.63,2.17,57.99,74.81,63.43,19.26,893.87,1.91
221,2019,NORTE,Rondônia,Negras,Mulher,0.172,0.755,Muito Alto,0.41,13.4,9.26,75.62,50.17,618.44,626236.0,65661.0,1383.0,7640.0,241734.0,22.57,22.37,17.86,2.37,56.7,72.4,58.78,22.08,904.36,2.75
222,2020,NORTE,Rondônia,Negras,Mulher,0.18,0.757,Muito Alto,0.6,9.76,13.07,74.26,56.19,592.07,611994.0,67913.0,874.0,5512.0,234571.0,17.09,22.8,17.65,1.93,65.28,81.09,68.01,24.17,952.53,1.05
223,2021,NORTE,Rondônia,Negras,Mulher,0.2,0.726,Muito Alto,0.0,18.37,12.91,73.83,48.51,490.47,626240.0,76423.0,48.0,5292.0,231678.0,18.95,20.23,18.89,1.63,61.62,82.9,71.98,19.22,836.29,0.5
224,2022,NORTE,Rondônia,Negras,Mulher,0.173,0.758,Muito Alto,0.43,13.47,10.45,74.88,66.85,602.68,617134.0,78659.0,675.0,5033.0,230195.0,20.36,21.71,27.21,2.25,55.38,81.86,66.61,24.73,980.57,1.53
225,2018,NORTE,Roraima,Negras,Mulher,0.234,0.77,Muito Alto,1.05,16.83,15.39,74.99,53.56,662.51,173230.0,17780.0,396.0,1693.0,72585.0,23.97,33.54,23.05,1.68,58.79,83.26,74.32,26.19,1342.41,1.71
226,2019,NORTE,Roraima,Negras,Mulher,0.253,0.766,Muito Alto,0.61,19.86,18.56,74.74,60.84,561.18,197088.0,21815.0,121.0,1121.0,80092.0,26.26,25.95,25.33,3.62,52.81,85.42,76.21,23.12,1019.29,1.99
227,2020,NORTE,Roraima,Negras,Mulher,0.242,0.763,Muito Alto,0.32,21.04,19.46,74.31,66.82,507.77,214298.0,25309.0,0.0,754.0,76274.0,23.08,31.35,21.72,3.03,63.37,89.53,82.25,27.24,991.77,0.95
228,2021,NORTE,Roraima,Negras,Mulher,0.264,0.723,Muito Alto,0.0,24.81,17.52,74.11,47.06,448.64,215600.0,28752.0,0.0,808.0,75470.0,31.25,29.47,21.33,1.15,52.28,87.65,77.15,29.24,938.13,0.21
229,2022,NORTE,Roraima,Negras,Mulher,0.215,0.768,Muito Alto,2.03,26.21,8.26,75.65,60.78,496.91,223268.0,24536.0,0.0,250.0,73497.0,32.54,26.83,15.94,2.57,59.25,90.02,78.79,24.67,972.52,0.72
230,2018,NORTE,Tocantins,Negras,Mulher,0.238,0.756,Muito Alto,2.61,19.76,11.05,75.33,60.17,540.37,586139.0,56600.0,248.0,4806.0,212643.0,32.88,33.41,18.21,2.4,60.26,82.84,68.89,25.76,1020.9,0.57
231,2019,NORTE,Tocantins,Negras,Mulher,0.244,0.755,Muito Alto,0.22,16.28,13.77,74.81,63.53,551.27,606640.0,71424.0,573.0,5683.0,226460.0,37.89,32.33,17.63,2.52,56.45,81.91,72.97,25.35,975.07,1.51
232,2020,NORTE,Tocantins,Negras,Mulher,0.222,0.763,Muito Alto,0.0,13.49,13.79,73.84,74.7,536.72,629603.0,71676.0,0.0,3042.0,206613.0,33.92,36.61,16.72,5.1,66.32,86.99,75.33,29.69,1014.03,0.93
233,2021,NORTE,Tocantins,Negras,Mulher,0.256,0.724,Muito Alto,0.74,19.4,21.13,72.63,50.07,455.37,624855.0,84024.0,2844.0,7617.0,244409.0,31.49,34.68,17.41,2.52,61.99,87.41,76.87,30.64,855.15,1.5
234,2022,NORTE,Tocantins,Negras,Mulher,0.193,0.768,Muito Alto,2.01,10.24,7.04,75.15,61.36,619.1,625399.0,82524.0,841.0,7533.0,238816.0,40.62,33.65,16.09,2.6,60.16,88.98,78.36,25.31,975.77,1.08
235,2018,SUDESTE,Espírito Santo,Negras,Mulher,0.293,0.761,Muito Alto,0.8,11.5,14.2,75.84,50.28,644.18,1274151.0,128593.0,1594.0,12645.0,579416.0,27.83,13.34,20.54,2.34,57.12,74.98,59.04,18.14,862.35,1.59
236,2019,SUDESTE,Espírito Santo,Negras,Mulher,0.289,0.765,Muito Alto,0.85,11.79,13.96,75.65,55.11,689.3,1263447.0,136543.0,934.0,12935.0,578935.0,28.41,16.48,20.16,2.46,58.81,75.34,59.57,18.41,897.27,1.47
237,2020,SUDESTE,Espírito Santo,Negras,Mulher,0.295,0.766,Muito Alto,0.0,14.83,17.37,74.42,63.11,629.45,1281412.0,143028.0,1543.0,10940.0,541840.0,25.38,16.92,20.02,2.13,63.73,79.38,67.2,20.79,902.53,1.07
238,2021,SUDESTE,Espírito Santo,Negras,Mulher,0.314,0.745,Alto,1.05,13.68,19.06,73.8,55.23,546.17,1340627.0,175309.0,766.0,12707.0,573183.0,23.82,13.16,22.58,2.02,60.95,80.83,65.82,17.86,822.42,1.1
239,2022,SUDESTE,Espírito Santo,Negras,Mulher,0.267,0.77,Muito Alto,0.41,10.38,9.71,76.04,54.85,704.1,1308447.0,187254.0,3866.0,17658.0,576940.0,28.78,14.22,20.32,2.36,60.47,80.19,67.29,23.23,1026.43,1.75
240,2018,SUDESTE,Minas Gerais,Negras,Mulher,0.222,0.759,Muito Alto,0.74,12.03,12.94,75.38,62.05,632.33,6464634.0,581729.0,6944.0,87893.0,2905812.0,26.4,15.1,19.15,2.03,60.15,72.68,58.05,16.42,841.04,2.92
241,2019,SUDESTE,Minas Gerais,Negras,Mulher,0.214,0.767,Muito Alto,0.73,9.52,12.94,75.51,64.7,646.72,6554577.0,601541.0,11378.0,100803.0,3001732.0,27.07,15.99,19.36,2.05,59.79,75.32,60.05,16.94,807.18,2.18
242,2020,SUDESTE,Minas Gerais,Negras,Mulher,0.223,0.758,Muito Alto,0.47,11.89,16.14,74.16,63.07,592.39,6485651.0,644125.0,8197.0,62189.0,2709170.0,26.63,17.98,15.6,1.58,64.43,78.75,65.46,19.48,798.08,2.24
243,2021,SUDESTE,Minas Gerais,Negras,Mulher,0.236,0.748,Muito Alto,0.36,16.21,15.63,74.07,56.91,559.6,6248365.0,681094.0,1695.0,52913.0,2665304.0,24.9,15.92,17.03,1.69,65.21,80.66,65.43,20.93,808.65,1.79
244,2022,SUDESTE,Minas Gerais,Negras,Mulher,0.194,0.778,Muito Alto,0.8,11.54,8.92,75.97,72.46,644.89,6334614.0,766777.0,6449.0,71238.0,2838412.0,28.62,16.59,17.41,1.99,61.12,79.27,65.7,18.87,853.31,2.25
245,2018,SUDESTE,Rio de Janeiro,Negras,Mulher,0.312,0.778,Alto,0.36,11.6,20.1,76.05,58.93,739.99,4833729.0,433333.0,1497.0,22102.0,2144434.0,23.8,12.21,20.18,1.67,61.42,79.44,63.44,18.46,1049.31,0.48
246,2019,SUDESTE,Rio de Janeiro,Negras,Mulher,0.314,0.778,Alto,0.0,13.57,20.74,76.19,57.67,753.98,4906040.0,482721.0,3234.0,25696.0,2215326.0,25.57,13.26,22.48,1.76,59.33,80.63,66.31,18.02,1029.86,0.49
247,2020,SUDESTE,Rio de Janeiro,Negras,Mulher,0.313,0.763,Alto,0.0,10.8,25.47,74.47,55.37,653.27,4953544.0,551193.0,0.0,16168.0,1998448.0,23.12,14.39,21.89,1.91,61.04,83.56,68.58,19.3,1027.32,1.67
248,2021,SUDESTE,Rio de Janeiro,Negras,Mulher,0.322,0.752,Alto,0.39,14.77,23.54,74.15,55.81,601.01,4821693.0,513083.0,3003.0,13871.0,1985490.0,24.97,14.98,24.07,1.92,57.15,84.61,70.32,23.67,1016.08,0.29
249,2022,SUDESTE,Rio de Janeiro,Negras,Mulher,0.301,0.791,Alto,0.0,12.82,16.89,76.43,60.2,733.62,4860744.0,595419.0,950.0,21390.0,2139729.0,27.52,12.63,22.22,2.11,56.23,85.99,71.85,21.56,1055.07,0.4
250,2018,SUDESTE,São Paulo,Negras,Mulher,0.305,0.79,Alto,0.37,10.56,17.08,75.87,70.53,750.05,9150999.0,1001568.0,7268.0,135812.0,4631728.0,25.22,10.22,16.07,1.68,60.86,79.42,62.92,15.5,1015.2,1.38
251,2019,SUDESTE,São Paulo,Negras,Mulher,0.301,0.797,Alto,1.29,10.19,16.54,75.94,77.03,737.11,9401249.0,1214959.0,13878.0,130360.0,4836242.0,23.73,9.77,16.58,1.35,63.42,80.91,66.94,16.01,1006.01,1.33
252,2020,SUDESTE,São Paulo,Negras,Mulher,0.302,0.784,Alto,0.19,12.65,20.26,74.33,80.4,644.0,9228975.0,1193671.0,271.0,72213.0,4224518.0,19.77,9.78,16.77,1.09,66.31,83.83,71.12,17.07,977.21,2.66
253,2021,SUDESTE,São Paulo,Negras,Mulher,0.308,0.775,Alto,1.11,10.22,20.02,74.49,68.6,615.39,9422755.0,1291419.0,2680.0,89714.0,4522506.0,22.18,9.6,17.69,1.02,63.74,84.83,69.83,17.52,927.19,1.22
254,2022,SUDESTE,São Paulo,Negras,Mulher,0.263,0.806,Muito Alto,0.53,6.31,11.94,76.46,79.69,765.87,9728679.0,1462916.0,7065.0,116219.0,4844518.0,22.59,8.82,18.86,1.64,64.91,85.06,70.49,18.55,1061.99,1.08
255,2018,SUL,Paraná,Negras,Mulher,0.22,0.755,Muito Alto,1.07,10.49,11.16,75.15,55.46,670.33,1904635.0,224995.0,2321.0,26277.0,835304.0,22.65,12.35,16.6,2.44,64.94,73.59,55.17,13.91,916.13,1.63
256,2019,SUL,Paraná,Negras,Mulher,0.213,0.767,Muito Alto,0.21,10.22,11.64,75.4,60.97,701.72,2018054.0,236155.0,491.0,23912.0,890206.0,21.65,11.69,17.28,2.43,66.86,73.49,55.56,17.09,965.18,1.25
257,2020,SUL,Paraná,Negras,Mulher,0.22,0.739,Muito Alto,0.07,10.32,13.19,72.69,61.73,635.32,1903160.0,237559.0,330.0,13545.0,788362.0,18.93,13.36,15.93,2.0,69.56,78.86,60.9,16.88,986.6,1.59
258,2021,SUL,Paraná,Negras,Mulher,0.224,0.741,Muito Alto,0.58,9.65,13.48,74.15,59.75,570.64,1880076.0,224896.0,417.0,21307.0,797627.0,22.84,12.5,14.8,2.17,66.08,75.7,59.78,17.55,866.3,1.43
259,2022,SUL,Paraná,Negras,Mulher,0.184,0.771,Muito Alto,0.61,6.72,8.0,75.61,65.49,708.54,1965083.0,263785.0,2349.0,22576.0,882982.0,21.65,11.87,16.03,2.39,67.07,78.17,59.62,16.77,952.98,1.46
260,2018,SUL,Rio Grande do Sul,Negras,Mulher,0.232,0.748,Muito Alto,0.58,11.89,12.12,75.99,56.62,667.44,1155674.0,131750.0,283.0,14096.0,501731.0,23.71,11.57,14.95,1.42,64.01,69.17,46.43,9.48,889.94,1.63
261,2019,SUL,Rio Grande do Sul,Negras,Mulher,0.214,0.762,Muito Alto,0.45,8.72,13.21,76.19,46.98,749.6,1152882.0,129470.0,1866.0,18514.0,539797.0,23.46,10.87,14.48,1.42,66.57,77.36,56.07,11.28,1031.2,1.37
262,2020,SUL,Rio Grande do Sul,Negras,Mulher,0.248,0.74,Muito Alto,2.12,10.8,18.95,74.05,43.81,657.3,1042766.0,137712.0,882.0,15470.0,442202.0,23.44,13.03,14.88,1.23,65.98,75.98,55.1,11.46,947.48,1.61
263,2021,SUL,Rio Grande do Sul,Negras,Mulher,0.216,0.746,Muito Alto,0.0,7.58,13.8,74.85,42.51,652.1,1080072.0,150421.0,1491.0,9480.0,485273.0,19.14,10.1,15.24,1.38,66.7,79.8,64.56,14.24,947.6,1.21
264,2022,SUL,Rio Grande do Sul,Negras,Mulher,0.2,0.759,Muito Alto,0.63,6.32,9.92,76.07,42.06,718.6,1262371.0,170590.0,0.0,21422.0,566727.0,23.6,11.9,16.73,0.65,64.06,76.25,56.08,13.27,992.81,1.97
265,2018,SUL,Santa Catarina,Negras,Mulher,0.136,0.774,Muito Alto,0.69,4.8,10.29,76.42,53.57,786.72,684507.0,67688.0,493.0,12570.0,312276.0,16.32,11.23,14.7,2.0,73.85,73.81,51.44,12.74,1009.61,1.17
266,2019,SUL,Santa Catarina,Negras,Mulher,0.14,0.777,Muito Alto,0.74,3.92,10.99,76.3,56.87,716.47,670203.0,88665.0,687.0,11481.0,321208.0,18.57,9.89,13.33,1.87,72.98,77.13,55.19,11.47,984.98,1.22
267,2020,SUL,Santa Catarina,Negras,Mulher,0.14,0.764,Muito Alto,1.55,6.23,10.59,75.01,49.07,672.37,587314.0,70552.0,909.0,12432.0,263826.0,15.05,11.89,13.55,1.68,79.1,82.32,64.12,18.82,1014.24,1.01
268,2021,SUL,Santa Catarina,Negras,Mulher,0.129,0.768,Muito Alto,0.0,8.56,9.04,75.13,51.56,692.08,650030.0,87520.0,71.0,4833.0,295660.0,13.58,9.73,14.32,2.01,77.2,83.59,61.64,10.93,1008.17,0.61
269,2022,SUL,Santa Catarina,Negras,Mulher,0.111,0.791,Muito Alto,1.58,3.64,6.02,76.87,53.06,772.95,753660.0,105392.0,866.0,8913.0,369706.0,16.99,10.94,15.5,1.89,72.59,82.41,61.26,14.89,1068.9,0.0
270,2018,CENTRO-OESTE,Goiás,Brancas,Mulher,,0.85,,0.0,5.26,5.66,78.73,82.37,1255.36,539093.0,30789.0,0.0,4796.0,263978.0,19.96,15.59,23.02,7.19,65.15,87.87,75.46,31.0,1486.91,1.08
271,2019,CENTRO-OESTE,Goiás,Brancas,Mulher,,0.846,,0.0,4.52,6.7,78.31,85.29,1098.02,519140.0,42537.0,0.0,3033.0,261010.0,15.9,20.26,25.0,4.73,66.94,86.89,75.11,37.68,1374.99,1.22
272,2020,CENTRO-OESTE,Goiás,Brancas,Mulher,,0.826,,0.0,10.84,10.56,76.28,87.98,908.17,511236.0,44036.0,0.0,1687.0,219366.0,17.16,22.23,23.71,3.8,69.27,89.89,78.4,35.49,1311.13,1.83
273,2021,CENTRO-OESTE,Goiás,Brancas,Mulher,,0.808,,0.0,3.96,9.63,75.06,74.24,1056.81,498602.0,44113.0,0.0,3014.0,225922.0,14.37,17.31,31.95,5.3,65.12,92.26,83.53,44.95,1689.54,0.59
274,2022,CENTRO-OESTE,Goiás,Brancas,Mulher,,,,,,,,,,,,,,,,,,,,,,,,
275,2018,CENTRO-OESTE,Mato Grosso,Brancas,Mulher,,,,,,,,,,,,,,,,,,,,,,,,
276,2019,CENTRO-OESTE,Mato Grosso,Brancas,Mulher,,,,,,,,,,,,,,,,,,,,,,,,
277,2020,CENTRO-OESTE,Mato Grosso,Brancas,Mulher,,0.855,,0.0,11.76,10.88,77.86,64.15,1387.0,115078.0,18840.0,0.0,2043.0,62261.0,28.6,16.98,30.49,4.84,56.14,92.86,80.23,52.42,1995.49,0.37
278,2021,CENTRO-OESTE,Mato Grosso,Brancas,Mulher,,,,,,,,,,,,,,,,,,,,,,,,
279,2022,CENTRO-OESTE,Mato Grosso,Brancas,Mulher,,,,,,,,,,,,,,,,,,,,,,,,
280,2018,NORDESTE,Alagoas,Brancas,Mulher,,0.803,,0.0,8.67,14.86,77.57,53.6,950.1,179175.0,9115.0,204.0,726.0,72323.0,8.79,19.48,27.02,2.56,76.51,86.59,78.76,40.53,1559.41,0.0
281,2019,NORDESTE,Alagoas,Brancas,Mulher,,0.798,,2.09,11.01,10.92,77.16,48.05,868.62,166099.0,9450.0,390.0,397.0,60708.0,15.21,17.47,31.62,2.09,61.18,80.93,68.39,34.27,1235.91,0.43
282,2020,NORDESTE,Alagoas,Brancas,Mulher,,0.787,,0.0,15.63,21.46,74.75,62.89,871.09,164127.0,10078.0,0.0,517.0,60501.0,13.34,27.86,22.46,3.6,66.79,82.87,73.29,41.73,1249.83,1.65
283,2021,NORDESTE,Alagoas,Brancas,Mulher,,0.77,,0.0,20.75,14.62,75.36,55.33,784.54,204687.0,19191.0,0.0,1573.0,74638.0,19.17,19.11,25.16,4.95,64.3,87.1,75.07,43.8,1445.75,0.0
284,2022,NORDESTE,Alagoas,Brancas,Mulher,,0.792,,0.0,14.29,14.52,76.5,58.84,864.56,199808.0,19411.0,352.0,892.0,82934.0,25.35,17.96,19.91,5.6,63.1,86.04,76.69,26.88,1189.92,0.56
285,2018,NORDESTE,Bahia,Brancas,Mulher,0.221,0.831,Muito Alto,0.0,13.7,15.09,77.52,68.03,1390.67,326390.0,14545.0,0.0,1294.0,167498.0,13.88,18.32,31.59,5.75,61.82,93.75,87.94,38.73,1733.11,2.55
286,2019,NORDESTE,Bahia,Brancas,Mulher,0.177,0.889,Muito Alto,0.0,1.05,14.61,79.84,79.89,1482.09,369574.0,16414.0,2479.0,4270.0,194106.0,20.07,9.92,24.49,4.66,61.54,93.92,80.88,38.02,1659.72,0.87
287,2020,NORDESTE,Bahia,Brancas,Mulher,0.174,0.844,Muito Alto,0.0,0.0,14.61,78.25,72.36,1544.61,321986.0,23059.0,0.0,0.0,141403.0,20.91,14.67,21.22,6.08,69.04,94.65,77.56,52.73,2245.65,1.4
288,2021,NORDESTE,Bahia,Brancas,Mulher,,,,,,,,,,,,,,,,,,,,,,,,
289,2022,NORDESTE,Bahia,Brancas,Mulher,,,,,,,,,,,,,,,,,,,,,,,,
290,2018,NORDESTE,Ceará,Brancas,Mulher,0.278,0.819,Muito Alto,0.62,11.65,11.19,76.94,66.07,1094.98,665852.0,48784.0,0.0,2783.0,293481.0,22.01,12.97,24.86,5.55,55.4,86.66,75.28,29.09,1289.09,1.25
291,2019,NORDESTE,Ceará,Brancas,Mulher,0.269,0.85,Muito Alto,0.94,9.06,10.01,78.22,73.0,1239.57,672209.0,47796.0,0.0,1738.0,311628.0,19.06,13.66,27.82,3.38,58.78,85.85,74.0,34.42,1535.19,0.67
292,2020,NORDESTE,Ceará,Brancas,Mulher,0.273,0.852,Muito Alto,0.76,11.41,11.62,77.13,73.74,1376.1,622851.0,36807.0,0.0,2840.0,265858.0,17.64,22.07,27.16,5.02,60.42,91.73,77.23,48.56,1713.48,3.25
293,2021,NORDESTE,Ceará,Brancas,Mulher,0.337,0.797,Alto,1.23,23.42,17.4,74.18,74.98,923.49,622677.0,60022.0,0.0,3018.0,214798.0,24.36,14.27,25.09,6.0,52.74,90.02,72.3,38.38,1426.47,2.59
294,2022,NORDESTE,Ceará,Brancas,Mulher,0.27,0.829,Muito Alto,0.0,10.78,10.04,77.52,66.79,970.93,642923.0,54371.0,578.0,3078.0,270075.0,21.83,15.91,24.84,5.32,61.68,91.02,79.2,35.76,1307.34,1.37
295,2018,NORDESTE,Maranhão,Brancas,Mulher,,0.825,,0.62,10.06,14.6,76.73,76.68,890.01,177898.0,12279.0,0.0,1158.0,75497.0,15.99,22.42,24.62,3.45,69.44,95.11,83.42,38.99,1528.9,0.43
296,2019,NORDESTE,Maranhão,Brancas,Mulher,,0.837,,0.0,7.02,13.96,77.25,88.64,796.22,186377.0,14617.0,319.0,462.0,82061.0,21.01,22.98,25.34,4.34,57.64,93.68,84.56,33.75,1125.26,0.25
297,2020,NORDESTE,Maranhão,Brancas,Mulher,,0.812,,3.97,16.09,15.25,75.53,85.21,657.77,157203.0,14875.0,0.0,315.0,59503.0,20.02,28.71,23.85,2.28,60.61,90.56,80.99,32.42,1148.12,1.61
298,2021,NORDESTE,Maranhão,Brancas,Mulher,,0.808,,0.0,16.69,17.82,75.64,63.67,713.24,177670.0,17938.0,0.0,371.0,76814.0,18.57,17.16,31.15,2.31,58.24,96.65,88.16,36.17,1108.65,1.18
299,2022,NORDESTE,Maranhão,Brancas,Mulher,,0.844,,0.0,4.46,12.94,78.15,72.18,1088.34,172848.0,13935.0,0.0,227.0,75767.0,21.39,22.78,21.02,5.95,57.04,95.42,82.93,43.7,1486.31,0.0
300,2018,NORDESTE,Paraíba,Brancas,Mulher,,0.816,,0.0,12.18,12.64,76.46,73.08,1172.39,261077.0,13166.0,0.0,916.0,105619.0,21.82,22.93,18.57,5.69,64.56,88.18,72.35,39.21,1735.54,0.0
301,2019,NORDESTE,Paraíba,Brancas,Mulher,,0.806,,0.0,20.57,16.51,77.29,56.73,1146.93,216825.0,16851.0,0.0,0.0,85886.0,19.43,22.52,22.89,6.11,70.14,91.42,77.23,40.53,1875.4,1.16
302,2020,NORDESTE,Paraíba,Brancas,Mulher,,0.783,,0.0,20.69,20.58,75.15,58.66,879.8,233834.0,17768.0,0.0,199.0,69910.0,27.68,20.76,28.98,2.57,65.41,87.13,69.01,38.78,1423.49,0.0
303,2021,NORDESTE,Paraíba,Brancas,Mulher,,0.798,,0.0,10.9,17.37,74.95,71.73,932.42,236515.0,32490.0,426.0,913.0,93015.0,23.15,31.83,16.19,3.32,64.68,90.72,78.36,43.32,1454.7,0.96
304,2022,NORDESTE,Paraíba,Brancas,Mulher,,,,,,,,,,,,,,,,,,,,,,,,
305,2018,NORDESTE,Pernambuco,Brancas,Mulher,0.273,0.825,Muito Alto,0.0,17.05,16.57,76.82,82.01,1010.71,628444.0,59371.0,0.0,574.0,261586.0,18.62,14.93,19.36,5.52,62.62,88.09,78.0,41.37,1552.23,0.38
306,2019,NORDESTE,Pernambuco,Brancas,Mulher,0.262,0.841,Muito Alto,0.81,13.5,12.23,78.52,69.01,1143.36,713998.0,47094.0,0.0,2690.0,288540.0,17.74,22.16,21.11,3.58,65.4,89.31,80.18,41.82,1721.98,0.93
307,2020,NORDESTE,Pernambuco,Brancas,Mulher,0.258,0.82,Muito Alto,0.0,12.14,14.07,74.66,83.1,1034.46,657401.0,51351.0,0.0,1812.0,256654.0,13.04,22.08,20.82,6.77,69.08,94.4,87.58,45.52,1854.54,0.53
308,2021,NORDESTE,Pernambuco,Brancas,Mulher,0.295,0.794,Muito Alto,0.21,14.32,20.13,74.93,67.81,780.02,683060.0,71798.0,1430.0,1179.0,266593.0,14.79,14.45,25.8,5.94,67.83,87.79,80.75,36.52,1510.79,0.77
309,2022,NORDESTE,Pernambuco,Brancas,Mulher,0.27,0.844,Muito Alto,0.76,6.62,16.72,77.88,86.74,946.26,750438.0,69957.0,0.0,3565.0,296362.0,21.44,14.64,23.6,2.27,60.07,93.3,85.19,37.79,1349.78,1.52
310,2018,NORDESTE,Piauí,Brancas,Mulher,,0.844,,0.0,5.35,7.77,77.97,86.15,1005.77,87170.0,7188.0,0.0,189.0,41651.0,14.8,22.64,20.04,5.68,71.05,91.65,79.84,30.37,1333.74,1.53
311,2019,NORDESTE,Piauí,Brancas,Mulher,,0.818,,0.0,11.03,12.61,75.47,89.83,1015.25,110227.0,4528.0,486.0,0.0,50154.0,18.08,17.79,25.63,6.03,63.64,86.28,77.34,32.43,1367.42,1.64
312,2020,NORDESTE,Piauí,Brancas,Mulher,,0.809,,0.0,14.43,18.96,75.19,73.97,806.06,97800.0,6573.0,0.0,322.0,45237.0,20.69,15.9,21.6,6.75,66.08,93.38,85.3,25.9,1016.07,1.57
313,2021,NORDESTE,Piauí,Brancas,Mulher,,,,,,,,,,,,,,,,,,,,,,,,
314,2022,NORDESTE,Piauí,Brancas,Mulher,,0.852,,0.0,18.14,10.22,78.75,63.42,1228.14,134899.0,14230.0,460.0,2029.0,61167.0,16.3,23.57,17.52,9.92,68.95,94.16,80.64,52.45,1684.61,0.98
315,2018,NORDESTE,Rio Grande do Norte,Brancas,Mulher,,0.82,,0.0,11.62,11.5,78.01,62.54,1071.84,331991.0,25038.0,0.0,2445.0,145523.0,20.95,25.78,19.75,7.43,63.27,88.38,75.6,37.68,1274.41,1.14
316,2019,NORDESTE,Rio Grande do Norte,Brancas,Mulher,,0.836,,0.0,10.86,7.98,78.8,69.67,1215.64,348490.0,22354.0,0.0,766.0,142368.0,18.93,21.87,18.13,6.04,68.55,88.42,76.93,39.84,1592.63,2.85
317,2020,NORDESTE,Rio Grande do Norte,Brancas,Mulher,,0.825,,0.0,8.86,14.53,76.48,69.56,1098.31,335003.0,27211.0,0.0,463.0,134116.0,9.33,22.17,17.69,2.23,81.75,90.54,79.35,51.39,1802.35,0.6
318,2021,NORDESTE,Rio Grande do Norte,Brancas,Mulher,,0.801,,0.0,11.93,17.01,75.75,49.45,998.72,319895.0,26398.0,0.0,0.0,126633.0,19.73,12.08,23.33,13.89,62.59,90.99,81.61,41.08,1207.95,1.07
319,2022,NORDESTE,Rio Grande do Norte,Brancas,Mulher,,0.833,,0.0,16.49,11.82,78.21,76.12,1046.75,327107.0,21124.0,0.0,2261.0,130290.0,17.53,26.07,22.6,3.66,65.1,94.14,85.77,42.77,1570.38,0.55
320,2018,NORDESTE,Sergipe,Brancas,Mulher,,,,,,,,,,,,,,,,,,,,,,,,
321,2019,NORDESTE,Sergipe,Brancas,Mulher,,,,,,,,,,,,,,,,,,,,,,,,
322,2020,NORDESTE,Sergipe,Brancas,Mulher,,,,,,,,,,,,,,,,,,,,,,,,
323,2021,NORDESTE,Sergipe,Brancas,Mulher,,0.821,,0.0,13.36,12.65,75.5,91.98,1202.37,117603.0,7085.0,619.0,149.0,42274.0,11.34,21.32,17.52,7.72,74.77,88.36,81.79,41.94,1736.91,0.0
324,2022,NORDESTE,Sergipe,Brancas,Mulher,,0.843,,0.0,11.81,12.37,77.74,74.12,1159.6,124981.0,10156.0,0.0,0.0,48882.0,17.71,14.53,26.18,5.48,65.74,88.26,81.71,37.25,1478.75,0.0
325,2018,NORTE,Amapá,Brancas,Mulher,,0.811,,0.08,22.27,17.76,75.22,90.79,809.45,68386.0,5094.0,0.0,641.0,29904.0,22.46,40.21,15.02,5.0,64.26,87.79,79.32,40.89,1579.19,1.43
326,2019,NORTE,Amapá,Brancas,Mulher,,0.799,,0.0,14.92,20.99,76.02,63.63,717.54,75263.0,4900.0,0.0,153.0,35896.0,24.18,33.41,21.87,4.02,55.27,91.48,83.57,36.25,1345.8,0.47
327,2020,NORTE,Amapá,Brancas,Mulher,,0.764,,0.0,15.66,21.13,74.42,68.93,639.13,64190.0,4801.0,99.0,262.0,21685.0,29.34,39.06,13.34,5.04,63.68,91.06,81.98,41.71,1384.08,0.0
328,2021,NORTE,Amapá,Brancas,Mulher,,,,,,,,,,,,,,,,,,,,,,,,
329,2022,NORTE,Amapá,Brancas,Mulher,,,,,,,,,,,,,,,,,,,,,,,,
330,2018,NORTE,Amazonas,Brancas,Mulher,,0.829,,0.0,6.33,14.98,76.92,67.69,1008.19,274789.0,16096.0,0.0,2589.0,120141.0,15.24,22.63,19.7,3.06,68.33,91.31,80.52,45.11,1490.55,0.77
331,2019,NORTE,Amazonas,Brancas,Mulher,,0.819,,0.0,8.11,17.56,76.52,62.36,928.16,260084.0,17431.0,630.0,862.0,119687.0,17.52,19.0,25.31,4.47,54.52,91.23,82.34,37.55,1397.05,1.86
332,2020,NORTE,Amazonas,Brancas,Mulher,,0.818,,0.0,5.87,18.94,74.77,85.65,906.27,220735.0,20002.0,0.0,2112.0,97318.0,15.87,21.93,19.6,8.33,64.61,92.85,85.29,45.53,1686.7,1.94
333,2021,NORTE,Amazonas,Brancas,Mulher,,0.801,,0.0,11.09,19.87,75.28,78.04,762.96,222816.0,17906.0,0.0,2415.0,107897.0,17.78,18.44,28.1,3.16,56.09,96.66,87.62,36.95,1289.82,0.0
334,2022,NORTE,Amazonas,Brancas,Mulher,,0.834,,0.0,11.5,11.94,77.38,70.16,894.69,315663.0,30142.0,0.0,3231.0,140506.0,25.74,21.05,22.17,3.72,58.04,93.69,83.02,41.72,1454.49,0.38
335,2018,NORTE,Pará,Brancas,Mulher,0.226,0.86,Muito Alto,0.0,17.92,15.1,78.06,76.22,1444.72,297290.0,15199.0,438.0,1126.0,123469.0,21.0,16.48,26.96,6.02,53.77,90.71,78.79,36.79,1522.22,0.76
336,2019,NORTE,Pará,Brancas,Mulher,0.238,0.819,Muito Alto,0.0,13.42,9.82,77.44,51.15,1034.46,279855.0,12128.0,0.0,1393.0,114073.0,21.05,23.32,29.72,5.23,53.21,85.28,70.85,35.9,1506.77,0.52
337,2020,NORTE,Pará,Brancas,Mulher,0.219,0.836,Muito Alto,2.18,1.71,10.56,76.31,71.24,1008.54,232228.0,17104.0,0.0,1614.0,85116.0,17.8,24.14,31.19,8.04,52.09,91.14,73.74,39.38,1647.36,0.0
338,2021,NORTE,Pará,Brancas,Mulher,0.236,0.818,Muito Alto,0.0,15.01,14.11,76.87,63.26,1116.59,289919.0,26894.0,0.0,474.0,123049.0,14.28,20.3,29.62,4.31,61.75,91.74,79.17,42.67,1393.92,0.45
339,2022,NORTE,Pará,Brancas,Mulher,0.238,0.844,Muito Alto,0.0,12.02,14.44,78.15,54.2,1210.76,296969.0,17498.0,0.0,1557.0,130406.0,28.87,16.01,27.43,6.26,43.84,87.91,72.68,36.26,1568.34,3.08
340,2018,SUDESTE,Espírito Santo,Brancas,Mulher,,0.866,,0.0,4.08,9.09,79.58,75.69,1540.67,346532.0,23001.0,0.0,1867.0,168849.0,17.7,18.71,23.8,6.09,72.3,90.48,79.34,39.76,1771.49,1.26
341,2019,SUDESTE,Espírito Santo,Brancas,Mulher,,,,,,,,,,,,,,,,,,,,,,,,
342,2020,SUDESTE,Espírito Santo,Brancas,Mulher,,0.844,,0.0,7.71,12.43,77.28,69.19,1318.45,359384.0,29350.0,147.0,2284.0,155962.0,17.56,19.57,25.24,5.14,71.72,90.48,80.84,49.54,1765.71,3.59
343,2021,SUDESTE,Espírito Santo,Brancas,Mulher,,0.844,,0.0,10.22,12.66,77.44,74.06,1277.51,334209.0,27909.0,0.0,2674.0,154778.0,14.31,15.9,25.79,7.62,71.36,91.44,80.45,45.4,1592.39,1.09
344,2022,SUDESTE,Espírito Santo,Brancas,Mulher,,0.852,,0.0,5.84,6.57,79.26,60.27,1442.08,352742.0,32318.0,797.0,1986.0,155143.0,19.17,16.87,20.22,4.83,69.62,91.4,79.26,45.95,1689.52,1.73
345,2018,SUDESTE,Minas Gerais,Brancas,Mulher,0.256,0.861,Muito Alto,0.0,6.45,11.15,79.25,73.79,1577.79,978246.0,60202.0,0.0,10030.0,498855.0,18.56,18.24,18.95,7.2,69.37,90.75,78.69,41.98,1847.79,2.73
346,2019,SUDESTE,Minas Gerais,Brancas,Mulher,0.249,0.87,Muito Alto,0.0,2.3,11.6,79.68,78.15,1451.17,903647.0,59491.0,626.0,12644.0,476248.0,18.94,15.6,23.24,6.13,66.88,89.88,79.39,36.87,1621.94,2.79
347,2020,SUDESTE,Minas Gerais,Brancas,Mulher,0.269,0.853,Muito Alto,0.0,7.9,14.64,77.13,82.96,1228.01,890337.0,68727.0,0.0,5639.0,405133.0,16.41,16.9,23.03,5.1,70.79,90.22,80.18,42.23,1490.33,4.04
348,2021,SUDESTE,Minas Gerais,Brancas,Mulher,0.267,0.843,Muito Alto,0.0,5.51,12.06,76.86,79.9,1333.9,1089513.0,106857.0,526.0,4118.0,550218.0,16.14,16.15,18.72,4.88,71.66,90.75,79.76,46.23,1776.61,2.13
349,2022,SUDESTE,Minas Gerais,Brancas,Mulher,0.221,0.894,Muito Alto,0.0,2.66,6.31,80.48,91.75,1654.49,1023404.0,79951.0,0.0,6116.0,495082.0,20.78,21.34,19.06,5.77,69.52,92.65,85.07,42.2,1917.67,0.88
350,2018,SUDESTE,Rio de Janeiro,Brancas,Mulher,0.252,0.869,Muito Alto,0.0,6.2,13.37,79.67,72.71,1621.69,3084886.0,196169.0,0.0,7396.0,1297414.0,14.85,18.6,24.13,3.3,69.79,91.66,79.77,47.12,2129.16,0.62
351,2019,SUDESTE,Rio de Janeiro,Brancas,Mulher,0.255,0.876,Muito Alto,0.62,4.45,14.24,80.21,67.04,1814.49,3172312.0,224418.0,327.0,6790.0,1435170.0,16.18,17.68,23.92,3.58,66.42,92.98,79.77,47.57,2318.38,0.36
352,2020,SUDESTE,Rio de Janeiro,Brancas,Mulher,0.268,0.863,Muito Alto,0.0,7.04,16.52,77.98,79.18,1556.04,3075381.0,261914.0,652.0,3999.0,1235906.0,15.61,18.52,22.26,3.88,69.81,94.58,82.26,51.67,2276.8,2.14
353,2021,SUDESTE,Rio de Janeiro,Brancas,Mulher,0.277,0.854,Muito Alto,0.0,9.09,18.34,77.86,70.29,1462.59,3013073.0,235360.0,0.0,4731.0,1291285.0,15.56,18.1,27.17,3.82,67.56,95.02,85.06,54.34,2256.2,0.44
354,2022,SUDESTE,Rio de Janeiro,Brancas,Mulher,0.24,0.877,Muito Alto,0.0,4.61,11.0,80.01,74.25,1576.42,3098916.0,249363.0,0.0,7400.0,1382098.0,18.16,18.06,23.78,3.37,66.72,95.16,85.09,52.08,2129.0,0.28
355,2018,SUDESTE,São Paulo,Brancas,Mulher,0.249,0.884,Muito Alto,0.15,6.68,13.41,79.77,76.88,1809.44,6309530.0,481873.0,941.0,73888.0,3003346.0,17.76,10.72,19.45,5.36,66.81,90.44,79.13,42.62,2571.2,1.4
356,2019,SUDESTE,São Paulo,Brancas,Mulher,0.239,0.887,Muito Alto,0.52,4.4,11.53,79.54,88.42,1754.89,6318629.0,558656.0,4165.0,57843.0,3052909.0,17.36,10.94,18.49,3.84,68.08,91.32,78.98,41.64,2313.69,1.05
357,2020,SUDESTE,São Paulo,Brancas,Mulher,0.259,0.868,Muito Alto,0.55,6.71,14.61,77.55,89.7,1501.89,6216768.0,639948.0,0.0,28091.0,2797640.0,14.05,10.63,19.58,4.72,71.36,93.99,82.75,48.38,2204.81,1.4
358,2021,SUDESTE,São Paulo,Brancas,Mulher,0.263,0.863,Muito Alto,0.91,8.86,15.5,77.5,90.11,1478.85,6117153.0,542382.0,1716.0,38417.0,2945978.0,14.2,11.79,20.76,3.63,71.56,93.51,85.26,50.4,2048.74,1.55
359,2022,SUDESTE,São Paulo,Brancas,Mulher,0.222,0.883,Muito Alto,0.0,3.85,8.33,80.0,80.48,1649.05,6161751.0,565065.0,0.0,53085.0,3021920.0,17.04,10.29,20.84,3.68,69.54,93.0,82.71,48.61,2092.44,0.81
360,2018,SUL,Paraná,Brancas,Mulher,0.205,0.843,Muito Alto,0.0,3.39,9.71,78.23,75.41,1391.13,1329596.0,127726.0,1126.0,13814.0,632484.0,14.12,15.7,18.84,4.46,73.93,86.33,71.94,35.09,1774.14,0.25
361,2019,SUL,Paraná,Brancas,Mulher,0.194,0.851,Muito Alto,0.0,3.67,8.31,78.44,73.04,1457.01,1335460.0,137744.0,0.0,8156.0,646064.0,16.24,16.05,21.26,4.59,70.78,89.41,77.4,38.38,1762.35,0.65
362,2020,SUL,Paraná,Brancas,Mulher,0.221,0.83,Muito Alto,0.0,2.03,14.66,75.58,79.56,1206.64,1343116.0,153280.0,0.0,5695.0,612932.0,12.94,14.36,19.89,5.9,74.87,90.44,78.27,42.06,1662.3,1.61
363,2021,SUL,Paraná,Brancas,Mulher,0.208,0.812,Muito Alto,0.0,2.23,10.91,75.95,70.54,1083.75,1332678.0,145266.0,1103.0,10842.0,621446.0,14.97,12.92,24.62,3.48,73.65,88.74,79.37,36.14,1458.15,1.65
364,2022,SUL,Paraná,Brancas,Mulher,0.187,0.859,Muito Alto,0.8,3.38,6.74,78.56,80.55,1244.13,1308734.0,144957.0,0.0,12845.0,639393.0,18.57,16.14,21.2,3.72,70.94,90.74,79.19,35.54,1555.78,0.29
365,2018,SUL,Rio Grande do Sul,Brancas,Mulher,0.21,0.839,Muito Alto,0.78,7.7,9.87,79.23,58.23,1350.39,1782101.0,155609.0,1645.0,16845.0,818150.0,16.59,14.23,19.71,4.29,71.51,86.76,70.94,29.04,1647.03,1.57
366,2019,SUL,Rio Grande do Sul,Brancas,Mulher,0.197,0.839,Muito Alto,0.59,7.27,9.13,79.41,57.96,1395.32,1754631.0,177408.0,2850.0,12481.0,871416.0,16.23,16.35,22.61,3.44,70.02,87.35,74.28,30.85,1640.59,0.59
367,2020,SUL,Rio Grande do Sul,Brancas,Mulher,0.208,0.818,Muito Alto,0.0,5.87,11.92,77.27,61.24,1225.96,1747792.0,195723.0,0.0,11170.0,818395.0,13.86,17.01,20.44,3.1,74.24,89.81,77.15,33.4,1565.98,1.69
368,2021,SUL,Rio Grande do Sul,Brancas,Mulher,0.208,0.819,Muito Alto,0.0,5.28,12.76,77.19,58.5,1112.13,1788773.0,200367.0,0.0,10853.0,829601.0,14.61,15.65,18.46,4.12,74.99,91.01,77.97,32.73,1458.82,0.97
369,2022,SUL,Rio Grande do Sul,Brancas,Mulher,0.187,0.842,Muito Alto,0.0,3.98,7.91,79.27,62.14,1317.91,1762476.0,205042.0,804.0,8556.0,826122.0,14.94,16.96,18.55,5.14,74.01,91.15,77.23,34.82,1731.89,0.54
370,2018,SUL,Santa Catarina,Brancas,Mulher,,,,,,,,,,,,,,,,,,,,,,,,
371,2019,SUL,Santa Catarina,Brancas,Mulher,,,,,,,,,,,,,,,,,,,,,,,,
372,2020,SUL,Santa Catarina,Brancas,Mulher,,0.845,,0.0,1.58,8.31,76.87,73.12,1335.64,444407.0,48823.0,0.0,874.0,218912.0,15.03,18.39,20.45,5.31,74.23,94.17,84.58,41.2,1605.21,2.36
373,2021,SUL,Santa Catarina,Brancas,Mulher,,,,,,,,,,,,,,,,,,,,,,,,
374,2022,SUL,Santa Catarina,Brancas,Mulher,,,,,,,,,,,,,,,,,,,,,,,,
375,2018,CENTRO-OESTE,Goiás,Negras,Mulher,,0.794,,0.34,3.67,9.23,76.96,65.04,834.59,764628.0,67487.0,53.0,8730.0,379224.0,22.0,17.35,23.09,2.9,62.02,82.51,66.63,23.67,1102.33,0.79
376,2019,CENTRO-OESTE,Goiás,Negras,Mulher,,0.803,,1.03,9.18,12.55,76.92,72.1,820.23,808138.0,97191.0,343.0,9286.0,399445.0,19.79,13.83,24.18,3.39,62.36,82.24,66.21,22.99,1109.47,1.75
377,2020,CENTRO-OESTE,Goiás,Negras,Mulher,,0.786,,0.0,9.64,16.08,74.71,74.84,729.38,824139.0,89192.0,0.0,1631.0,353524.0,21.14,15.1,21.99,3.15,62.52,85.61,74.33,27.35,1095.57,2.44
378,2021,CENTRO-OESTE,Goiás,Negras,Mulher,,0.776,,0.0,11.72,12.85,74.73,68.44,642.13,896241.0,114359.0,0.0,6624.0,401413.0,22.41,16.86,23.43,2.6,61.61,84.48,67.77,25.66,1056.05,0.66
379,2022,CENTRO-OESTE,Goiás,Negras,Mulher,,0.812,,0.94,5.37,8.09,77.45,71.12,874.29,865646.0,102643.0,1010.0,10034.0,421852.0,22.91,13.6,18.28,2.89,64.36,80.35,64.29,21.76,1137.97,1.06
380,2018,CENTRO-OESTE,Mato Grosso,Negras,Mulher,,0.826,,0.0,7.06,10.42,77.49,66.94,952.46,342353.0,35816.0,0.0,3407.0,150489.0,23.58,17.04,19.42,2.4,65.33,86.08,71.1,30.79,1377.89,0.64
381,2019,CENTRO-OESTE,Mato Grosso,Negras,Mulher,,0.805,,0.6,7.57,15.24,76.24,65.41,877.0,353681.0,44552.0,267.0,4588.0,170800.0,27.87,17.24,19.31,2.1,63.29,83.57,70.57,25.56,1175.19,1.24
382,2020,CENTRO-OESTE,Mato Grosso,Negras,Mulher,,0.78,,0.0,6.53,19.67,74.69,57.17,709.68,360943.0,46086.0,219.0,5073.0,143747.0,22.83,21.21,19.12,2.83,65.8,83.18,72.84,30.93,1159.73,0.4
383,2021,CENTRO-OESTE,Mato Grosso,Negras,Mulher,,0.783,,0.0,8.51,16.56,74.98,65.91,638.95,352560.0,35740.0,0.0,2937.0,154604.0,24.88,16.72,21.23,1.64,62.82,90.43,81.19,23.97,1023.1,0.0
384,2022,CENTRO-OESTE,Mato Grosso,Negras,Mulher,,0.803,,0.0,3.56,9.12,76.18,68.66,710.79,358141.0,42744.0,213.0,6422.0,154510.0,25.56,15.54,17.68,0.71,65.25,89.39,72.18,25.99,1057.84,0.22
385,2018,NORDESTE,Alagoas,Negras,Mulher,,0.716,,1.36,20.95,21.4,74.31,59.81,464.42,473364.0,41760.0,227.0,2388.0,167591.0,24.09,13.16,22.15,2.0,58.57,72.35,57.08,17.73,752.28,0.0
386,2019,NORDESTE,Alagoas,Negras,Mulher,,0.728,,0.23,21.0,16.32,75.09,46.19,511.64,490415.0,44204.0,0.0,3599.0,173286.0,22.8,11.06,23.43,1.86,56.64,70.19,55.8,16.5,835.49,0.17
387,2020,NORDESTE,Alagoas,Negras,Mulher,,0.721,,0.0,20.39,26.59,73.38,43.44,483.67,491249.0,53130.0,0.0,2420.0,172810.0,21.15,16.16,25.55,2.16,59.83,76.46,62.99,24.18,779.48,1.06
388,2021,NORDESTE,Alagoas,Negras,Mulher,,0.712,,0.42,17.78,23.2,72.73,40.24,487.75,459861.0,52510.0,763.0,3155.0,186095.0,26.21,13.8,25.67,2.02,54.67,75.69,61.14,24.94,746.48,0.83
389,2022,NORDESTE,Alagoas,Negras,Mulher,,0.759,,1.33,20.88,14.08,75.89,66.8,559.79,470835.0,65158.0,1723.0,4435.0,202935.0,26.0,12.89,26.97,2.34,56.93,81.14,67.07,19.26,974.8,0.79
390,2018,NORDESTE,Bahia,Negras,Mulher,0.278,0.788,Muito Alto,0.08,12.49,18.4,76.62,59.07,783.46,1753628.0,162866.0,1616.0,26889.0,938351.0,24.5,13.13,24.47,1.72,57.13,85.75,73.76,25.14,1085.31,1.63
391,2019,NORDESTE,Bahia,Negras,Mulher,0.268,0.801,Muito Alto,0.0,13.09,17.72,76.92,58.62,826.74,1699504.0,199147.0,8138.0,30082.0,917061.0,23.08,12.03,25.81,1.31,54.7,85.13,73.51,26.08,1068.46,1.77
392,2020,NORDESTE,Bahia,Negras,Mulher,0.275,0.778,Muito Alto,0.0,12.19,29.55,74.4,59.31,681.19,1732785.0,218907.0,594.0,15437.0,859804.0,16.31,13.21,29.72,1.23,64.2,89.26,79.15,28.65,1105.12,1.56
393,2021,NORDESTE,Bahia,Negras,Mulher,0.287,0.739,Muito Alto,0.0,14.61,31.76,74.32,45.81,520.1,1749369.0,227400.0,0.0,10668.0,802579.0,20.48,14.84,20.32,1.35,63.8,91.94,77.71,24.32,881.77,1.25
394,2022,NORDESTE,Bahia,Negras,Mulher,0.274,0.793,Muito Alto,0.0,16.61,18.2,76.75,57.79,671.97,1851184.0,251508.0,218.0,8493.0,887663.0,26.54,12.02,22.26,0.79,56.24,88.02,74.79,30.23,1033.5,1.86
395,2018,NORDESTE,Ceará,Negras,Mulher,0.291,0.761,Muito Alto,0.0,16.3,13.36,75.26,57.41,591.11,1414648.0,161569.0,999.0,13563.0,619264.0,28.07,10.59,27.09,2.4,49.94,75.48,57.19,15.77,805.35,1.39
396,2019,NORDESTE,Ceará,Negras,Mulher,0.295,0.77,Muito Alto,0.61,15.94,14.22,75.43,62.84,623.88,1432587.0,146363.0,1092.0,4938.0,645557.0,26.39,10.89,26.84,2.33,49.34,78.97,63.9,17.72,912.29,1.05
397,2020,NORDESTE,Ceará,Negras,Mulher,0.307,0.779,Alto,0.98,16.65,18.79,74.16,76.19,634.01,1402706.0,155418.0,0.0,5807.0,588966.0,23.73,14.54,27.86,1.41,56.12,86.13,74.65,22.79,960.24,1.0
398,2021,NORDESTE,Ceará,Negras,Mulher,0.311,0.771,Alto,0.0,18.74,21.18,74.02,76.47,563.16,1484885.0,187734.0,0.0,6261.0,600989.0,25.26,11.41,25.13,1.42,52.18,84.71,68.57,20.86,940.49,1.49
399,2022,NORDESTE,Ceará,Negras,Mulher,0.287,0.765,Muito Alto,0.36,16.69,8.74,75.64,65.2,518.21,1478579.0,196077.0,0.0,5442.0,595445.0,28.73,9.98,29.94,1.54,49.0,82.69,64.42,17.4,737.62,0.75
400,2018,NORDESTE,Maranhão,Negras,Mulher,,0.773,,0.0,18.72,22.65,75.27,66.41,507.77,664890.0,64792.0,0.0,2665.0,278048.0,25.28,19.55,25.99,1.15,49.97,90.58,76.6,22.99,889.27,0.23
401,2019,NORDESTE,Maranhão,Negras,Mulher,,0.78,,1.84,17.59,22.62,75.19,74.19,520.89,654315.0,75496.0,0.0,3181.0,287961.0,30.98,16.82,24.83,2.01,48.33,86.64,75.99,22.88,847.98,0.12
402,2020,NORDESTE,Maranhão,Negras,Mulher,,0.76,,1.33,15.38,20.26,73.2,73.38,467.18,686937.0,80298.0,0.0,272.0,272159.0,27.42,15.05,30.65,1.16,44.71,89.02,78.09,20.2,805.65,1.48
403,2021,NORDESTE,Maranhão,Negras,Mulher,,0.757,,1.17,30.46,26.95,74.07,71.22,423.88,678916.0,94719.0,6.0,6700.0,273223.0,24.88,16.44,32.82,2.15,49.66,90.61,78.83,22.66,824.45,0.85
404,2022,NORDESTE,Maranhão,Negras,Mulher,,0.789,,1.54,17.22,16.22,76.6,65.11,557.95,669655.0,85232.0,432.0,3885.0,293148.0,27.48,17.56,25.59,1.24,52.12,90.57,78.98,24.5,842.17,0.31
405,2018,NORDESTE,Paraíba,Negras,Mulher,,0.759,,0.22,26.56,15.21,75.13,69.65,670.56,425509.0,43373.0,0.0,5137.0,174072.0,26.81,22.28,20.73,2.18,62.28,79.67,66.27,23.12,1077.77,0.89
406,2019,NORDESTE,Paraíba,Negras,Mulher,,0.755,,0.53,18.78,14.4,75.4,52.84,675.72,476335.0,53631.0,226.0,2301.0,184375.0,27.76,22.13,25.38,2.59,53.37,77.8,63.94,25.12,1013.56,0.2
407,2020,NORDESTE,Paraíba,Negras,Mulher,,0.742,,2.48,22.85,19.76,73.79,46.51,551.06,461685.0,49587.0,0.0,3130.0,141908.0,24.59,26.64,24.74,2.41,65.05,83.36,70.03,30.64,1101.95,1.64
408,2021,NORDESTE,Paraíba,Negras,Mulher,,0.697,,0.95,19.53,28.68,71.51,56.35,478.66,452273.0,57099.0,0.0,2135.0,151346.0,23.28,22.35,25.46,1.09,63.14,81.48,67.51,23.26,862.03,0.73
409,2022,NORDESTE,Paraíba,Negras,Mulher,,0.772,,0.56,15.91,15.42,75.63,72.35,647.63,442858.0,57335.0,0.0,1191.0,178384.0,30.79,21.98,22.73,1.86,57.97,81.34,67.45,25.8,959.1,1.47
410,2018,NORDESTE,Pernambuco,Negras,Mulher,0.345,0.767,Alto,0.4,19.28,21.65,75.17,72.61,567.26,1473315.0,139008.0,0.0,5146.0,590574.0,23.9,15.4,21.65,1.12,59.67,84.0,72.58,25.97,970.56,0.47
411,2019,NORDESTE,Pernambuco,Negras,Mulher,0.356,0.761,Alto,0.71,21.41,23.37,73.79,71.2,607.22,1385782.0,151404.0,0.0,5877.0,594892.0,24.63,12.2,25.63,2.06,50.69,81.59,68.1,20.33,969.27,0.41
412,2020,NORDESTE,Pernambuco,Negras,Mulher,0.339,0.75,Alto,0.0,19.27,23.63,73.39,67.42,476.32,1443947.0,162024.0,0.0,5367.0,544270.0,18.14,10.4,26.04,1.59,58.09,84.56,72.51,21.79,774.29,1.18
413,2021,NORDESTE,Pernambuco,Negras,Mulher,0.374,0.738,Alto,0.0,25.58,26.69,73.33,60.13,435.44,1414666.0,183948.0,859.0,3458.0,544606.0,24.57,12.95,28.24,1.43,51.95,82.66,70.63,22.56,820.67,0.47
414,2022,NORDESTE,Pernambuco,Negras,Mulher,0.33,0.771,Alto,0.0,21.11,21.59,75.27,69.02,553.68,1390046.0,172146.0,0.0,9332.0,583636.0,27.21,12.59,22.34,2.48,55.15,83.14,69.66,22.85,1011.81,0.39
415,2018,NORDESTE,Piauí,Negras,Mulher,,0.761,,0.0,17.1,14.13,74.83,71.8,603.76,466272.0,44371.0,0.0,2191.0,191149.0,22.86,17.5,28.86,2.38,53.13,82.21,67.42,23.57,930.93,1.88
416,2019,NORDESTE,Piauí,Negras,Mulher,,0.775,,0.36,15.0,14.93,74.82,73.71,617.53,465022.0,47555.0,617.0,1730.0,197569.0,26.37,17.96,29.22,2.86,51.57,83.24,69.8,23.2,868.3,2.1
417,2020,NORDESTE,Piauí,Negras,Mulher,,0.762,,0.72,16.51,22.62,73.01,83.15,521.51,475888.0,46838.0,0.0,2921.0,169087.0,21.34,19.7,23.29,3.15,61.79,81.93,70.07,26.22,864.55,2.13
418,2021,NORDESTE,Piauí,Negras,Mulher,,0.751,,7.54,24.74,16.16,74.48,68.77,510.79,473069.0,45858.0,484.0,847.0,207970.0,23.46,16.51,27.29,1.85,53.34,87.01,78.38,27.95,850.4,1.07
419,2022,NORDESTE,Piauí,Negras,Mulher,,0.812,,0.76,14.83,12.78,76.73,85.05,771.84,413956.0,41690.0,0.0,2832.0,191746.0,32.08,19.83,24.07,3.64,53.02,86.95,76.13,30.51,1254.62,0.95
420,2018,NORDESTE,Rio Grande do Norte,Negras,Mulher,,0.756,,0.3,16.33,16.17,75.51,56.49,699.95,485041.0,49101.0,370.0,3019.0,192705.0,25.56,21.85,21.25,4.43,59.8,81.42,66.43,25.57,1088.31,2.06
421,2019,NORDESTE,Rio Grande do Norte,Negras,Mulher,,0.764,,0.0,18.08,16.89,76.08,50.66,792.56,486332.0,59803.0,275.0,4463.0,202537.0,20.79,13.58,26.96,3.25,58.66,79.11,60.28,20.41,923.96,2.46
422,2020,NORDESTE,Rio Grande do Norte,Negras,Mulher,,0.766,,0.0,16.52,19.58,74.39,54.93,714.36,455884.0,59171.0,0.0,1010.0,177073.0,20.72,13.55,26.05,5.6,57.69,85.72,72.65,30.81,976.88,3.03
423,2021,NORDESTE,Rio Grande do Norte,Negras,Mulher,,0.73,,2.68,12.77,20.5,74.4,43.77,602.96,483146.0,57932.0,0.0,3520.0,186768.0,23.75,15.16,15.62,12.56,52.22,86.39,75.65,20.45,849.24,1.99
424,2022,NORDESTE,Rio Grande do Norte,Negras,Mulher,,0.756,,1.49,14.31,13.32,75.76,47.29,667.19,481558.0,65068.0,0.0,1536.0,198364.0,22.52,14.88,22.89,1.91,55.77,87.82,70.21,23.13,988.66,1.98
425,2018,NORDESTE,Sergipe,Negras,Mulher,,0.773,,0.0,19.31,18.18,75.87,60.81,759.53,416797.0,47247.0,0.0,1262.0,162876.0,17.76,17.73,20.33,1.97,69.67,84.13,72.74,28.59,1210.4,0.38
426,2019,NORDESTE,Sergipe,Negras,Mulher,,0.771,,0.25,13.82,22.0,76.05,50.44,715.73,425636.0,54989.0,722.0,4115.0,200655.0,23.8,16.01,22.43,3.35,57.47,79.57,66.68,20.85,1024.31,1.01
427,2020,NORDESTE,Sergipe,Negras,Mulher,,0.764,,0.72,16.22,24.16,74.48,46.7,653.94,422322.0,57934.0,826.0,1508.0,181680.0,19.96,15.74,18.44,4.04,66.55,80.99,72.78,25.07,981.58,2.17
428,2021,NORDESTE,Sergipe,Negras,Mulher,,0.743,,0.0,23.57,30.63,73.76,59.75,548.64,403872.0,60857.0,891.0,4148.0,174122.0,18.68,17.18,30.76,1.75,55.42,80.17,66.51,23.17,866.16,0.0
429,2022,NORDESTE,Sergipe,Negras,Mulher,,0.786,,3.95,15.7,17.7,76.43,53.76,720.38,384950.0,40851.0,353.0,4844.0,172970.0,24.06,17.13,27.62,3.07,59.83,82.33,72.59,27.43,1026.65,1.11
430,2018,NORTE,Amapá,Negras,Mulher,,0.76,,0.0,18.86,22.91,74.54,63.96,553.93,237739.0,24306.0,0.0,2412.0,95260.0,29.38,31.42,18.92,3.2,56.15,83.5,73.66,30.2,1218.52,0.25
431,2019,NORTE,Amapá,Negras,Mulher,,0.756,,0.0,16.69,21.68,74.43,68.33,545.81,257789.0,20432.0,0.0,1585.0,106895.0,22.94,26.83,24.62,0.7,52.71,85.16,69.51,26.08,1109.14,0.0
432,2020,NORTE,Amapá,Negras,Mulher,,0.736,,0.0,18.28,21.65,73.52,57.72,500.58,262997.0,18980.0,173.0,2442.0,90482.0,23.78,32.52,22.03,1.43,57.85,82.84,71.95,31.46,1183.97,0.76
433,2021,NORTE,Amapá,Negras,Mulher,,0.694,,0.0,17.11,17.31,73.87,44.95,459.73,271276.0,31906.0,0.0,220.0,97319.0,17.76,23.32,35.45,2.44,47.51,85.18,78.42,28.98,995.0,0.0
434,2022,NORTE,Amapá,Negras,Mulher,,0.776,,0.61,21.1,16.48,75.84,70.62,560.09,249735.0,31669.0,0.0,416.0,109836.0,22.53,28.14,28.72,1.27,47.68,86.0,77.91,29.23,1092.56,1.13
435,2018,NORTE,Amazonas,Negras,Mulher,,0.755,,1.13,18.19,20.31,74.69,60.07,524.98,987011.0,95977.0,1966.0,8761.0,416913.0,22.14,16.24,25.9,1.97,53.21,82.38,69.81,21.91,840.61,1.67
436,2019,NORTE,Amazonas,Negras,Mulher,,0.769,,0.21,18.43,22.88,75.05,60.36,564.18,1045271.0,124162.0,1012.0,7680.0,464015.0,21.64,15.74,22.74,3.01,53.09,85.42,73.37,25.34,974.58,1.79
437,2020,NORTE,Amazonas,Negras,Mulher,,0.754,,0.18,20.1,23.16,73.8,63.65,502.81,1086362.0,125747.0,62.0,9450.0,423028.0,23.55,16.69,22.94,2.24,51.43,88.25,75.38,25.22,957.06,1.1
438,2021,NORTE,Amazonas,Negras,Mulher,,0.743,,0.0,20.09,20.77,74.29,58.77,451.6,1047583.0,129772.0,718.0,6177.0,444096.0,22.44,16.99,27.74,1.49,49.47,88.98,76.86,26.69,852.26,0.55
439,2022,NORTE,Amazonas,Negras,Mulher,,0.779,,0.0,15.72,15.54,75.58,68.86,578.39,1037771.0,153761.0,301.0,6006.0,463709.0,24.61,14.11,30.84,1.75,46.55,86.06,73.59,24.66,910.98,2.2
440,2018,NORTE,Pará,Negras,Mulher,0.305,0.781,Alto,0.0,14.51,15.99,75.7,59.35,708.63,910640.0,95729.0,0.0,6676.0,423603.0,27.6,13.9,31.58,2.35,43.4,79.82,62.75,20.02,1029.01,1.97
441,2019,NORTE,Pará,Negras,Mulher,0.321,0.775,Alto,1.84,18.42,18.96,75.91,56.32,667.92,923288.0,91813.0,1070.0,4418.0,432110.0,30.25,17.49,30.09,2.43,42.2,83.56,69.04,22.52,1008.4,0.61
442,2020,NORTE,Pará,Negras,Mulher,0.297,0.768,Muito Alto,0.48,10.49,16.01,74.72,56.63,614.76,962338.0,90630.0,0.0,3709.0,409789.0,25.76,18.52,31.52,2.2,43.92,84.24,71.45,23.88,1002.54,2.01
443,2021,NORTE,Pará,Negras,Mulher,0.316,0.758,Alto,0.0,14.41,22.79,74.26,58.34,554.36,938215.0,94274.0,0.0,5386.0,409327.0,28.01,18.32,29.91,1.21,46.91,87.31,74.33,24.7,953.66,1.87
444,2022,NORTE,Pará,Negras,Mulher,0.291,0.797,Muito Alto,1.27,15.48,16.34,76.28,65.18,739.36,900439.0,83166.0,463.0,7214.0,436315.0,30.26,15.97,28.77,2.42,44.64,83.88,69.96,22.55,1029.04,1.58
445,2018,SUDESTE,Espírito Santo,Negras,Mulher,,0.782,,0.69,9.06,14.33,76.58,47.38,759.22,664402.0,72716.0,1594.0,7935.0,331135.0,24.95,11.66,22.61,2.24,61.97,81.64,64.76,18.19,1001.71,1.64
446,2019,SUDESTE,Espírito Santo,Negras,Mulher,,0.782,,0.0,10.76,12.94,76.39,55.47,773.09,672113.0,81294.0,784.0,7267.0,328971.0,24.86,13.1,22.84,2.06,62.22,77.79,61.47,18.63,1002.29,1.69
447,2020,SUDESTE,Espírito Santo,Negras,Mulher,,0.778,,0.0,15.85,18.34,74.96,68.52,690.98,680723.0,82851.0,1308.0,5856.0,304121.0,20.83,14.43,21.46,2.18,68.57,81.82,68.69,21.14,1015.16,0.84
448,2021,SUDESTE,Espírito Santo,Negras,Mulher,,0.766,,0.93,10.5,20.07,74.45,58.42,627.66,717030.0,104894.0,766.0,6644.0,330518.0,19.14,9.58,24.63,1.82,68.03,84.19,71.73,18.83,933.43,0.84
449,2022,SUDESTE,Espírito Santo,Negras,Mulher,,0.779,,0.36,7.3,11.05,76.13,58.58,803.15,712851.0,111038.0,2955.0,10061.0,323229.0,25.08,10.59,19.33,2.41,64.28,82.7,71.68,25.76,1160.74,1.25
450,2018,SUDESTE,Minas Gerais,Negras,Mulher,0.257,0.795,Muito Alto,0.08,9.7,14.39,76.66,62.88,791.17,1816346.0,189627.0,4418.0,29069.0,942892.0,21.41,11.83,18.79,2.06,65.41,77.58,62.47,17.43,1041.05,3.2
451,2019,SUDESTE,Minas Gerais,Negras,Mulher,0.242,0.795,Muito Alto,0.0,5.7,13.46,76.67,65.25,787.18,1885350.0,201586.0,1355.0,33310.0,953459.0,22.87,14.57,20.26,2.05,62.74,81.22,66.6,19.59,971.69,1.38
452,2020,SUDESTE,Minas Gerais,Negras,Mulher,0.263,0.781,Muito Alto,0.84,8.01,19.82,74.65,64.25,708.27,1875056.0,216810.0,3992.0,19937.0,843322.0,22.97,16.26,16.64,1.68,65.28,83.97,73.34,21.5,973.95,2.52
453,2021,SUDESTE,Minas Gerais,Negras,Mulher,0.275,0.778,Muito Alto,0.0,11.67,17.87,74.99,61.17,743.54,1721130.0,234079.0,1548.0,20994.0,871626.0,18.9,15.42,18.95,1.76,69.11,85.3,70.91,26.33,1046.83,1.36
454,2022,SUDESTE,Minas Gerais,Negras,Mulher,0.234,0.802,Muito Alto,0.0,10.53,10.46,77.03,65.36,850.13,1724202.0,241947.0,1207.0,20608.0,865982.0,22.18,15.79,17.74,2.46,66.14,84.24,71.32,25.11,1128.32,1.01
455,2018,SUDESTE,Rio de Janeiro,Negras,Mulher,0.306,0.785,Alto,0.21,11.03,20.43,76.18,62.32,772.1,3597162.0,323638.0,1119.0,10896.0,1602004.0,21.97,10.26,21.0,1.67,61.29,81.64,65.83,19.32,1101.8,0.31
456,2019,SUDESTE,Rio de Janeiro,Negras,Mulher,0.311,0.784,Alto,0.0,12.97,21.11,76.22,57.85,797.61,3627556.0,348841.0,2863.0,20290.0,1661674.0,24.15,11.07,24.01,1.72,58.08,81.99,67.7,19.14,1078.22,0.45
457,2020,SUDESTE,Rio de Janeiro,Negras,Mulher,0.309,0.771,Alto,0.0,10.63,27.62,74.54,57.66,687.32,3694415.0,410314.0,0.0,13615.0,1539998.0,22.54,12.05,23.29,2.02,59.52,85.46,69.58,20.02,1088.69,1.77
458,2021,SUDESTE,Rio de Janeiro,Negras,Mulher,0.318,0.756,Alto,0.51,14.47,24.2,74.24,56.58,632.52,3557692.0,381443.0,0.0,6961.0,1471834.0,24.19,14.05,25.82,1.86,56.26,86.7,72.86,24.77,1084.49,0.31
459,2022,SUDESTE,Rio de Janeiro,Negras,Mulher,0.291,0.804,Muito Alto,0.0,10.95,16.83,76.68,62.78,795.98,3566977.0,434547.0,0.0,13873.0,1598565.0,25.33,11.79,22.48,2.5,57.67,89.01,75.33,24.29,1136.23,0.38
460,2018,SUDESTE,São Paulo,Negras,Mulher,0.305,0.8,Alto,0.0,11.1,19.09,76.05,71.69,809.27,4751479.0,530448.0,3155.0,75995.0,2527893.0,24.79,9.89,15.24,1.61,61.85,81.34,66.65,17.46,1119.06,1.43
461,2019,SUDESTE,São Paulo,Negras,Mulher,0.302,0.804,Alto,0.81,10.67,18.15,76.1,76.09,784.74,4840748.0,648616.0,6659.0,54466.0,2576793.0,22.23,9.68,17.61,0.96,63.56,82.88,68.5,18.2,1095.23,1.52
462,2020,SUDESTE,São Paulo,Negras,Mulher,0.302,0.789,Alto,0.0,14.96,20.69,74.41,86.46,662.37,4821875.0,669627.0,0.0,40948.0,2189141.0,18.82,9.34,16.79,1.05,66.49,85.52,74.11,20.1,1077.16,2.59
463,2021,SUDESTE,São Paulo,Negras,Mulher,0.304,0.786,Alto,1.99,9.39,19.75,74.85,70.47,647.52,5101040.0,783090.0,2680.0,50521.0,2615295.0,20.35,8.83,18.77,0.49,64.24,87.84,73.85,20.71,1000.4,1.07
464,2022,SUDESTE,São Paulo,Negras,Mulher,0.271,0.812,Muito Alto,0.31,6.47,14.1,76.52,82.25,811.69,5053676.0,723752.0,4513.0,72295.0,2515666.0,21.69,7.04,19.45,1.13,64.49,86.67,73.44,19.08,1173.07,0.9
465,2018,SUL,Paraná,Negras,Mulher,0.26,0.781,Muito Alto,1.41,9.06,12.88,75.42,71.92,750.28,496227.0,59879.0,0.0,6127.0,235325.0,19.79,9.39,14.9,2.42,70.7,76.66,61.82,16.3,1018.7,0.88
466,2019,SUL,Paraná,Negras,Mulher,0.246,0.793,Muito Alto,0.0,8.04,13.36,76.27,70.79,808.08,506957.0,66943.0,0.0,5571.0,250614.0,20.07,8.29,19.38,2.71,68.14,78.62,62.82,17.11,1072.94,1.85
467,2020,SUL,Paraná,Negras,Mulher,0.255,0.743,Muito Alto,0.0,8.74,15.47,72.38,58.15,705.43,488386.0,73792.0,0.0,1397.0,215492.0,14.7,9.3,14.83,2.95,74.31,81.36,63.58,16.5,1064.19,1.61
468,2021,SUL,Paraná,Negras,Mulher,0.253,0.766,Muito Alto,0.0,8.32,16.3,74.94,62.82,749.63,465611.0,46038.0,0.0,3021.0,215874.0,20.69,11.74,21.23,2.3,68.29,81.83,71.13,20.25,1070.75,1.58
469,2022,SUL,Paraná,Negras,Mulher,0.21,0.783,Muito Alto,0.74,6.58,7.09,76.02,63.71,771.97,534187.0,71216.0,1094.0,3542.0,244993.0,17.15,11.78,19.4,2.48,69.22,83.4,69.67,19.36,1120.54,1.64
470,2018,SUL,Rio Grande do Sul,Negras,Mulher,0.264,0.766,Muito Alto,0.79,10.68,11.04,76.55,60.55,752.47,430729.0,53624.0,0.0,4521.0,186255.0,23.33,12.51,15.87,1.7,66.84,72.85,49.86,7.31,1083.6,1.58
471,2019,SUL,Rio Grande do Sul,Negras,Mulher,0.235,0.778,Muito Alto,0.0,8.08,10.85,77.32,33.04,858.44,426406.0,54748.0,623.0,10073.0,214847.0,17.83,11.44,15.08,0.69,71.43,84.77,65.38,14.34,1213.82,0.41
472,2020,SUL,Rio Grande do Sul,Negras,Mulher,0.262,0.758,Muito Alto,0.0,9.26,21.9,74.39,36.4,738.5,404215.0,66195.0,0.0,4122.0,189322.0,17.72,15.76,12.99,0.0,74.39,87.03,66.2,15.1,1125.22,0.72
473,2021,SUL,Rio Grande do Sul,Negras,Mulher,0.236,0.76,Muito Alto,0.0,6.94,11.27,75.5,43.97,769.83,459816.0,69904.0,602.0,3953.0,203693.0,18.23,9.7,17.85,1.25,68.77,84.16,71.28,18.77,1180.49,1.02
474,2022,SUL,Rio Grande do Sul,Negras,Mulher,0.245,0.782,Muito Alto,2.04,7.21,10.16,77.22,41.28,790.8,473016.0,53750.0,0.0,5931.0,220735.0,23.18,15.11,19.29,0.0,66.26,79.34,62.72,16.68,1081.79,1.49
475,2018,SUL,Santa Catarina,Negras,Mulher,,,,,,,,,,,,,,,,,,,,,,,,
476,2019,SUL,Santa Catarina,Negras,Mulher,,,,,,,,,,,,,,,,,,,,,,,,
477,2020,SUL,Santa Catarina,Negras,Mulher,,,,,,,,,,,,,,,,,,,,,,,,
478,2021,SUL,Santa Catarina,Negras,Mulher,,0.773,,0.0,7.23,10.31,75.71,35.37,817.54,88156.0,8418.0,0.0,695.0,42227.0,10.74,8.94,18.97,1.72,74.28,86.04,50.03,11.9,958.71,1.34
479,2022,SUL,Santa Catarina,Negras,Mulher,,,,,,,,,,,,,,,,,,,,,,,,